Episode,Reward,Episode Steps,Average Rollout Steps,Reward Std,,,
1,3.74249818,77,751.71875,10.48763213,,,
2,3.319911919,85,337.90625,10.11081223,,,
3,4.602311185,95,280.625,7.107389961,,,
4,4.391071073,97,185.96875,6.515871767,,,
5,-14.05978713,62,298.1875,14.56404593,,,
6,-4.061675218,59,135.15625,9.203241695,,,
7,2.803227947,91,124.53125,6.587252681,,,
8,-1.376068516,58,74.84375,5.06972768,,,
9,3.738945501,107,79.28125,5.491907981,,,
10,0.767976962,85,419.96875,15.59174865,,,
11,1.438904276,101,134.1875,10.396415,,,
12,1.818907977,99,225.71875,7.608765143,,,
13,2.247202787,69,76.6875,1.834454798,,,
14,2.875859392,67,80.46875,1.430246141,,,
15,3.270072171,78,411.0625,14.03646519,,,
16,-3.310477797,63,325.3125,13.19955495,,,
17,4.367328076,79,73.125,4.133794627,,,
18,-54.64429408,1600,81.84375,4.467076161,,,
19,2.833225492,79,118.09375,4.366767258,,,
20,-6.081119332,56,76.5,4.729816148,,,
21,0.373997813,79,75.28125,1.316696679,,,
22,1.610770719,71,85.6875,1.27354442,,,
23,0.957620781,71,77,3.831071637,,,
24,-0.420442335,52,71.28125,4.341822582,,,
25,2.788078405,127,64.78125,1.112105499,,,
26,0.324401337,65,248.21875,10.77757786,,,
27,1.50173475,130,73.84375,0.793051637,,,
28,0.838265763,63,391,13.84518092,,,
29,-14.75569081,149,71.0625,0.922960803,,,
30,3.0917522,105,305.59375,16.5385926,,,
31,1.736222068,81,110.59375,9.050781156,,,
32,0.517941659,58,151.3125,10.75401273,,,
33,0.243929264,66,90.53125,7.128693865,,,
34,0.791528832,99,101.25,9.622181757,,,
35,1.17655658,61,86.53125,0.860268239,,,
36,-0.835013074,78,101.625,8.187166868,,,
37,-0.133954687,96,84.15625,4.030983383,,,
38,0.499711066,103,83.28125,5.51471279,,,
39,-1.516115557,59,89.375,6.539745196,,,
40,4.015186449,77,94.90625,1.146345977,,,
41,3.465751937,113,91.09375,4.755833467,,,
42,3.539943037,100,103.6875,4.655285872,,,
43,5.213313216,115,84.59375,3.704286249,,,
44,6.937494917,112,108.6875,2.152353626,,,
45,7.902613056,99,165.875,7.448715798,,,
46,8.424971131,113,105.75,1.841593106,,,
47,9.606890028,123,155.65625,11.23427063,,,
48,7.164493034,93,128.75,2.058074962,,,
49,17.70771778,273,288.96875,14.5349841,,,
50,10.30379785,122,394.1875,19.71359652,,,
51,9.859602787,116,137.0625,6.385309333,,,
52,12.77446336,136,144.96875,6.91324813,,,
53,9.327738705,110,175.0625,9.505989422,,,
54,12.05559454,171,128.125,2.871997845,,,
55,10.84075018,158,317.6875,17.52820706,,,
56,4.55628704,117,250.25,13.73708051,,,
57,6.266828736,99,216.125,14.52821165,,,
58,5.869864813,128,162.6875,8.261050056,,,
59,12.88342911,131,221.71875,17.44455992,,,
60,10.51367635,143,187.15625,8.74618278,,,
61,10.89272643,120,147.625,6.800544861,,,
62,11.46598188,128,174.5,5.862187258,,,
63,10.64427774,119,185.3125,7.48350576,,,
64,16.04156319,153,223.875,8.384832816,,,
65,32.55783049,383,165.5625,10.09354745,,,
66,37.62648074,503,260.84375,14.48539296,,,
67,44.25989189,492,456.28125,24.86442046,,,
68,169.1150008,1600,509.8125,36.68822637,,,
69,175.4503015,1600,690.28125,51.66070551,,,
70,191.7455532,1600,1187.875,59.55133673,,,
71,215.9543256,1600,941.8125,70.47213788,,,
72,103.6098469,913,948.59375,74.5929612,,,
73,198.6348716,1600,1114.3125,75.34495052,,,
74,212.1481683,1600,1175.65625,68.11129961,,,
75,225.0820577,1600,1167.75,89.69044973,,,
76,244.1729872,1600,1153.875,79.81132649,,,
77,246.0065421,1600,1208.9375,77.30363512,,,
78,-25.4183416,169,1186.09375,86.95168215,,,
79,227.4577073,1600,933.34375,102.5454996,,,
80,218.1972801,1600,1164.53125,99.07886287,,,
81,233.6676542,1600,1398.78125,78.52618986,,,
82,227.7950191,1600,1231.75,71.7982454,,,
83,228.3294227,1600,1296.34375,80.74619212,,,
84,255.6538688,1600,946.1875,79.79216732,,,
85,249.0567956,1600,1179.71875,100.242451,,,
86,253.8810348,1600,1346.65625,65.02492972,,,
87,261.5691487,1600,1188.125,95.1884415,,,
88,279.2323398,1600,1478.15625,57.07363433,,,
89,233.5096727,1600,1357.71875,77.97624934,,,
90,67.72342748,531,1439.3125,72.13305857,,,
91,284.2530714,1575,1162.96875,88.44584494,,,
92,281.8106446,1548,1186.53125,80.15978267,,,
93,281.0434389,1518,1386.1875,71.77857188,,,
94,282.2634378,1521,1272.28125,97.76645525,,,
95,242.9891314,1377,1195.65625,112.4152674,,,
96,278.21756,1564,1317.5,107.4975582,,,
97,282.6579873,1487,1280.625,92.89669717,,,
98,276.8460362,1527,1232.8125,115.6118119,,,
99,282.0824941,1432,1394.46875,70.72773131,,,
100,278.4047134,1541,1466.09375,43.31880722,,,
101,278.0533543,1502,1354.0625,72.91453815,,,
102,279.7391978,1466,1456.46875,52.46095397,,,
103,281.0046227,1424,1448.1875,53.73902437,,,
104,285.1117976,1392,1490.75,23.1826712,,,
105,274.8825455,1470,1124.46875,104.7659189,,,
106,158.8876429,1122,1376.59375,65.08185515,,,
107,272.8117264,1522,1307.28125,87.04710836,,,
108,139.029467,895,1504.15625,43.52821843,,,
109,289.5786153,1319,1334.34375,91.02954719,,,
110,33.34369037,234,1294.4375,101.4078035,,,
111,287.9496365,1376,1211.09375,73.07811935,,,
112,280.3152148,1462,1291.8125,69.03125476,,,
113,284.4522545,1399,1352.03125,67.75323511,,,
114,290.3729307,1278,1346.6875,70.75014381,,,
115,284.3714629,1302,1253.125,59.09489859,,,
116,295.8470755,1304,1295.9375,4.300624952,,,
117,297.9490826,1239,1230.3125,63.87310299,,,
118,297.3695743,1201,1206,63.56922889,,,
119,298.1682415,1175,1240.09375,18.48790787,,,
120,294.7223409,1207,1239.46875,12.95962191,,,
121,306.9600725,1094,1171.46875,3.58919473,,,
122,299.7543869,1183,1085.40625,74.48665057,,,
123,300.488511,1167,1214.59375,62.26071781,,,
124,296.5265607,1199,1231.46875,34.14749572,,,
125,294.858571,1194,1161.15625,64.68379727,,,
126,292.939048,1218,1119.65625,74.51818118,,,
127,286.7886895,1289,1197.5,38.17122925,,,
128,289.4970578,1252,1232.5,65.46362624,,,
129,289.5173446,1214,1176.1875,65.22280099,,,
130,285.0627483,1249,1133.6875,72.21834695,,,
131,292.7719725,1248,1282.65625,7.600350501,,,
132,296.3966314,1158,1250.96875,4.203443814,,,
133,294.2360752,1175,1159.5,49.7916238,,,
134,299.4699253,1128,1202.5,3.468223311,,,
135,297.1226867,1226,1158.90625,40.80405781,,,
136,299.4885586,1160,1190.15625,36.72096377,,,
137,287.0311713,1429,1295.9375,11.88919317,,,
138,296.3704233,1270,1294.125,56.94453237,,,
139,296.4903586,1254,1301.125,78.59301436,,,
140,298.9504579,1229,1213.375,51.46723391,,,
141,299.7481363,1164,1303.125,28.22248065,,,
142,295.73855,1282,1235.90625,52.15890185,,,
143,297.7283764,1216,1272.6875,66.40188511,,,
144,293.8691125,1238,1240.5,82.77450859,,,
145,301.4431456,1161,1245.8125,51.32340394,,,
146,298.1386297,1183,1150.46875,88.02651821,,,
147,299.3188464,1141,1232.0625,7.247030026,,,
148,304.8931265,1066,1146.1875,59.91931246,,,
149,-5.88954269,125,1059.625,80.69395317,,,
150,299.0840121,1147,947.34375,124.9539929,,,
151,290.6028094,1284,1143.125,80.89156553,,,
152,297.8860111,1173,1076.9375,104.96484,,,
153,292.2936974,1204,1183.1875,43.40068843,,,
154,288.7531652,1253,1215.84375,42.37915892,,,
155,292.6917739,1223,1259.03125,8.42128241,,,
156,-23.3754035,115,1142.8125,58.59992383,,,
157,292.0250106,1148,1171.25,71.24380317,,,
158,292.9977899,1149,1102.6875,88.68528889,,,
159,297.1427084,1107,1185.90625,5.097873625,,,
160,298.6711098,1041,1125.625,3.095075869,,,
161,296.2487964,1077,1053.96875,53.64718566,,,
162,292.6495243,1119,1024.5,71.40171186,,,
163,297.0324486,1116,1111.65625,11.93791405,,,
164,279.1108125,1091,1094.96875,48.19945264,,,
165,302.4583844,1022,1142.96875,3.642997441,,,
166,293.6995345,1159,1032.25,70.39877576,,,
167,301.2040976,1028,1059.625,58.14384775,,,
168,299.289108,1024,990.5,90.3065301,,,
169,298.8092936,1065,994.28125,71.49432222,,,
170,297.590263,1073,1068.25,67.10766081,,,
171,294.8723809,1088,1067.0625,49.15230421,,,
172,293.2420217,1132,1145.53125,11.7392819,,,
173,299.1597043,1039,1171.125,3.249062297,,,
174,294.2737208,1122,951.65625,103.4590654,,,
175,295.5750554,1137,1163.59375,45.76278144,,,
176,287.1491422,1226,1178.375,53.05427855,,,
177,295.8801121,1084,1289.25,5.547427934,,,
178,287.0379519,1279,1103.71875,47.87397468,,,
179,290.5221543,1192,1178.78125,35.75103974,,,
180,289.8279264,1196,1182.8125,34.42421153,,,
181,297.4031612,1097,1214.5625,4.449758692,,,
182,292.2949432,1169,1028.03125,71.41873259,,,
183,288.8431409,1199,1218.28125,57.62174152,,,
184,285.6054313,1282,1095.71875,73.49476914,,,
185,286.3644071,1202,1210.6875,51.56870862,,,
186,279.9984154,1272,1174.5625,73.61812832,,,
187,289.1761964,1134,1257.125,6.150035075,,,
188,291.7977049,1089,1078.09375,38.48514828,,,
189,292.2747931,1098,1150.1875,3.907334071,,,
190,289.7853822,1108,1097.21875,20.19736849,,,
191,293.924535,1064,1055.125,43.38367912,,,
192,292.7391892,1079,1064.71875,44.48060046,,,
193,290.1069165,1121,1138.75,3.49110182,,,
194,292.642537,1092,1044.59375,57.19366961,,,
195,293.4258629,1073,1052.375,45.10691923,,,
196,290.5857793,1110,1136.1875,38.12481845,,,
197,295.1855507,1049,1171.46875,4.136007683,,,
198,292.3122852,1122,1045.1875,60.29004042,,,
199,299.8587152,1005,1124,12.3835198,,,
200,295.0742085,1063,1008.25,55.31713469,,,
201,300.5221354,1029,970.5,67.35564129,,,
202,296.2401633,1021,1049.40625,40.32814756,,,
203,293.5822912,1088,1057.46875,48.56171053,,,
204,299.4516407,992,1128.84375,6.004963824,,,
205,292.6135885,1052,957.9375,74.11738127,,,
206,296.9183615,1022,1065.03125,32.35505222,,,
207,291.0387841,1092,1041.96875,34.77044138,,,
208,10.20066612,176,1049.21875,34.12590949,,,
209,297.0007266,1042,1076.15625,2.580543242,,,
210,297.7319862,1029,1052.28125,25.7715131,,,
211,296.8551466,1076,1013.0625,57.52465964,,,
212,299.6476202,1047,1080.21875,5.531657691,,,
213,296.6266398,1063,991.21875,55.80906797,,,
214,291.5276588,1148,1038.8125,51.82333975,,,
215,300.1026327,1042,1120.71875,3.768420193,,,
216,295.3343252,1116,1075.1875,64.12561164,,,
217,298.168173,1097,1139.6875,31.25563061,,,
218,293.7845948,1090,1080.75,52.01884527,,,
219,300.4497342,1046,1100.1875,3.47750726,,,
220,295.3500398,1104,1073.46875,39.74204646,,,
221,296.0923106,1093,1055.21875,52.81508058,,,
222,303.8797664,995,1076.6875,2.94607165,,,
223,294.9158067,1130,981.125,62.81817142,,,
224,295.709003,1104,1109.21875,47.82050551,,,
225,300.0310994,1036,1122.90625,3.293158407,,,
226,299.2978375,1068,1046.59375,57.76890117,,,
227,297.431425,1053,1132.375,3.087094145,,,
228,292.5959374,1144,1026.5625,51.97330546,,,
229,298.5137018,1088,1113,2.77550982,,,
230,302.5964136,1040,1135.03125,3.901805783,,,
231,300.8748304,1070,1041.96875,46.62223989,,,
232,299.8515862,1066,1074.90625,25.0430383,,,
233,296.6058693,1079,1033.90625,42.38488424,,,
234,298.5808676,1110,1082.09375,2.609645264,,,
235,302.0017826,1031,1129.5625,4.598349507,,,
236,302.5154048,1089,1067.9375,2.935827354,,,
237,308.4565493,1034,1067.46875,3.078744038,,,
238,307.3371202,1048,1047.1875,37.48963074,,,
239,302.2059814,1116,1102.46875,4.133384139,,,
240,309.731176,1039,1045.34375,37.95064817,,,
241,312.3776028,975,1040.5625,46.68335917,,,
242,309.3145734,1026,1036.8125,34.00679657,,,
243,304.1632301,1056,1062.8125,33.33637671,,,
244,306.7410896,1060,1047.59375,2.288581975,,,
245,312.1787296,981,1046.65625,2.512923112,,,
246,305.2051957,1066,999.21875,55.94086986,,,
247,309.653601,1035,1067.96875,3.002622277,,,
248,308.3679353,999,1047.78125,4.611019467,,,
249,311.2645912,989,1026.28125,54.23499742,,,
250,306.6700952,1050,1060.6875,25.16556367,,,
251,308.244353,1030,1082.1875,2.432912594,,,
252,305.3139989,1058,1051.125,19.0222839,,,
253,303.4437446,1095,1068.9375,29.2273786,,,
254,302.9915944,1122,1121.875,15.80267879,,,
255,303.2528493,1139,1127.6875,4.230236663,,,
256,311.1394526,1000,1044.03125,53.64201583,,,
257,311.5605804,953,1110.75,4.255739455,,,
258,308.899375,986,956.40625,58.63133863,,,
259,312.4332683,980,1033.9375,2.642311054,,,
260,313.2399291,981,1015.0625,2.292855742,,,
261,310.7818804,990,957.8125,74.65432536,,,
262,310.6167741,1013,963,61.97169752,,,
263,309.836129,1027,1043.5625,7.678590995,,,
264,310.819286,1005,1070.65625,3.055496796,,,
265,310.133412,1011,843.375,124.8631332,,,
266,309.2494039,1015,1054.21875,3.015487659,,,
267,309.2657887,1046,1026.21875,2.463944284,,,
268,307.5449048,1042,1001.5625,61.38477493,,,
269,305.293075,1088,1016.5,35.28146917,,,
270,307.8451239,1069,910.1875,116.0502304,,,
271,309.1990564,1030,1038.8125,39.37984108,,,
272,305.7026795,1051,1055,34.07237008,,,
273,267.15604,981,1058.53125,41.22773322,,,
274,300.4616095,1099,1035.34375,58.17638866,,,
275,304.4473558,1049,1113.5625,3.401761599,,,
276,307.3611159,1028,1071.71875,33.65374,,,
277,310.7265354,1011,1083.78125,2.960247289,,,
278,308.854452,1034,1059.65625,5.804452658,,,
279,312.7451185,1025,1037.03125,1.987436146,,,
280,312.3679119,1024,1031.8125,75.32713186,,,
281,304.7051042,1154,1060.25,55.51253694,,,
282,306.1165455,1094,1113.9375,66.31177702,,,
283,306.7266143,1076,1061.65625,69.02240398,,,
284,307.1814038,1087,1089.34375,44.89921262,,,
285,304.9240189,1080,1132.8125,36.95724251,,,
286,306.3819369,1040,1123.15625,12.84654429,,,
287,302.9373352,1115,999.5625,99.37409755,,,
288,307.1526835,1061,1159.46875,5.775663818,,,
289,309.3224055,1029,1002.03125,67.72584956,,,
290,310.0696445,1011,1059.1875,7.276855245,,,
291,310.1946114,983,1069.34375,3.200893327,,,
292,309.4938763,978,999.21875,44.43724925,,,
293,309.6866766,969,972.59375,52.60451773,,,
294,311.4009409,983,993.46875,2.473268831,,,
295,310.3042301,983,959.90625,53.73787213,,,
296,310.7431026,961,1027.125,3.778761868,,,
297,315.0375201,951,960.0625,12.49341289,,,
298,313.1193453,963,943.65625,48.55314438,,,
299,311.0485619,1021,931.78125,88.50445463,,,
300,308.2966236,1039,1007.625,42.80208369,,,
301,316.8149646,980,1043.0625,2.997955099,,,
302,314.1797069,994,1029.5625,13.54745805,,,
303,314.7685336,989,975.4375,55.85034484,,,
304,144.5141985,533,996.59375,38.30507989,,,
305,313.3876644,1022,993,54.50849522,,,
306,310.6264121,1073,996.65625,67.51091113,,,
307,310.5947691,1091,1033.9375,43.85594425,,,
308,315.5629558,955,1088.8125,3.215527439,,,
309,316.1666391,1014,1015.875,1.852340213,,,
310,315.4051392,1022,1037.625,44.57870587,,,
311,313.6731433,1052,1034.09375,57.35126911,,,
312,314.5609036,1048,1050.03125,46.27574951,,,
313,311.2989443,1030,1040.78125,45.04729297,,,
314,311.8290126,1082,1015.96875,69.51454177,,,
315,312.3685219,1029,1061.28125,32.3136405,,,
316,310.8863056,1032,1038.15625,44.44537965,,,
317,309.5043132,1052,1025.65625,37.41271997,,,
318,306.3623201,1086,1053.90625,38.05310166,,,
319,306.8049831,1087,1071.09375,52.94410157,,,
320,309.5733521,1031,1114.15625,2.816800592,,,
321,306.4288501,1028,994.53125,70.8602324,,,
322,303.7475762,1030,1035.625,32.15762381,,,
323,305.5567471,1047,1038.21875,39.78651181,,,
324,308.7737677,1069,1062.03125,2.369012589,,,
325,310.046987,1047,1100.84375,8.090587818,,,
326,310.5474839,1000,1061.8125,2.250587005,,,
327,313.6130147,988,1008.09375,12.5253937,,,
328,311.3761337,1027,970.9375,59.62841179,,,
329,310.8141995,1040,961.5,76.16080738,,,
330,307.4248923,1027,992.9375,50.97319265,,,
331,312.0713611,1010,1037.5,4.036273236,,,
332,311.1916317,1059,991.75,49.46026504,,,
333,311.302662,1033,1047.375,41.65553416,,,
334,312.0549737,1046,1057.78125,80.24865776,,,
335,312.8784906,1043,1075.84375,2.364746344,,,
336,313.4520295,1047,1018.0625,43.30260519,,,
337,312.8918842,1051,1040.78125,47.91482909,,,
338,313.1108503,1050,1056.28125,4.645100551,,,
339,316.3738405,1028,991.125,64.57568028,,,
340,311.9572937,1048,1078.03125,24.25352135,,,
341,312.9601974,1039,1050.3125,9.694400579,,,
342,313.1694386,1033,1061.5,4.143863045,,,
343,312.3561348,1032,1041.03125,12.69383608,,,
344,308.1957112,1064,1004.46875,46.0491274,,,
345,307.6223466,1087,970.65625,76.9821311,,,
346,310.9039938,1059,1104,3.748686569,,,
347,313.5467726,977,1032.46875,31.95434242,,,
348,314.4474053,992,955.03125,52.22233062,,,
349,315.0300035,1020,1000.28125,2.365346088,,,
350,317.1223242,979,984.625,56.32253332,,,
351,311.6950789,1007,1003.3125,25.28328109,,,
352,316.0138557,943,987.96875,55.61845228,,,
353,312.0286095,966,1017.875,8.834090383,,,
354,309.2377295,1040,984.65625,45.56398971,,,
355,312.2165521,984,1011.65625,48.76553693,,,
356,311.2379884,1015,1014.0625,32.9540731,,,
357,308.0745048,1021,957.28125,67.16490272,,,
358,314.3198618,980,1036.3125,2.205265078,,,
359,311.9473935,1019,978.71875,51.47215562,,,
360,315.8441127,1019,1021,2.12873471,,,
361,317.5076866,1013,1053.0625,6.34783918,,,
362,319.022133,979,1017.53125,50.95637349,,,
363,317.7768355,1003,1033.875,2.252950435,,,
364,316.613688,1005,956.15625,66.1795673,,,
365,315.253496,1045,1017,56.47773261,,,
366,318.4971733,993,1056.4375,2.820778895,,,
367,318.9688639,958,1011.21875,63.80550451,,,
368,319.8672236,1008,1019.0625,2.629409173,,,
369,317.4088377,1048,996.625,66.25901235,,,
370,318.8433471,997,1048.1875,47.10295003,,,
371,320.2733115,976,1040.40625,2.468381129,,,
372,319.9396387,997,1007.09375,10.96755526,,,
373,320.3288876,1002,1015.34375,4.762267785,,,
374,321.383161,966,1029.5,1.725258457,,,
375,320.8558164,980,980.3125,47.17157195,,,
376,320.5108556,942,1029.53125,3.652945308,,,
377,318.0859726,996,966.375,55.82069606,,,
378,318.3516603,959,995.59375,20.46255134,,,
379,319.6273131,971,983.5,2.068455957,,,
380,317.4336376,977,963.5,24.58423391,,,
381,318.8093463,922,957.40625,25.14067443,,,
382,316.9081581,967,945.125,25.68597613,,,
383,320.2404437,992,983.75,1.821952076,,,
384,319.773041,976,1015.625,1.748807819,,,
385,322.023122,949,1012.03125,3.119979101,,,
386,317.8380612,1029,985.46875,17.6927845,,,
387,319.7682213,975,1030.25,1.460080644,,,
388,317.9348249,1007,886.71875,78.04668224,,,
389,65.03730414,263,906.9375,88.51332081,,,
390,318.1312936,1029,975.28125,62.97095006,,,
391,223.8775236,832,1018.8125,55.51850225,,,
392,314.775369,1078,983,83.92859528,,,
393,315.8603295,1069,1068.1875,31.4172774,,,
394,313.378748,1090,1060.28125,40.28292382,,,
395,313.9838545,1061,1059.03125,47.60717986,,,
396,310.9556116,1119,1062.9375,54.50616407,,,
397,313.8058086,1078,1111.90625,1.838453483,,,
398,310.1319077,1120,1080.59375,7.967810476,,,
399,313.3344156,1039,1056.9375,25.84204993,,,
400,312.782863,1066,1035.75,40.4003576,,,
401,311.7782023,1081,974.125,75.68928439,,,
402,311.8326804,1031,1069.53125,31.26051528,,,
403,317.8120626,977,1046.25,2.704918147,,,
404,317.5012141,972,989.9375,36.94911304,,,
405,318.2800342,925,977.1875,21.75874234,,,
406,318.002172,928,961.78125,7.60250038,,,
407,315.7306657,952,922.5625,68.87033483,,,
408,310.9628909,966,951.96875,38.84876934,,,
409,308.8378844,976,918.875,62.21212445,,,
410,312.7957132,959,984.6875,1.845500026,,,
411,314.3335865,959,991.15625,2.42238262,,,
412,312.131372,979,913.84375,56.78946711,,,
413,310.4177369,1005,965.28125,51.21321253,,,
414,312.1034293,1000,964.625,54.46907328,,,
415,313.0571103,971,1026.34375,1.476392336,,,
416,312.1142081,984,968,39.84262174,,,
417,311.6541387,1002,1008.34375,1.683915221,,,
418,312.296086,994,1009.75,70.59721512,,,
419,312.916461,976,962.34375,65.95139267,,,
420,311.2364087,1018,992.125,22.94512124,,,
421,313.8895411,1027,1035.96875,1.507292269,,,
422,313.0004899,1043,1048.6875,6.38354188,,,
423,311.6808801,1042,1018.71875,51.05340364,,,
424,311.3100104,1033,1001.40625,72.35116605,,,
425,312.5620589,1019,1009.90625,47.04756965,,,
426,316.1220309,965,1030.53125,2.180839615,,,
427,313.7130349,1012,892.46875,64.70722246,,,
428,313.01255,992,1011.96875,6.718780567,,,
429,311.371886,1024,981,46.61065476,,,
430,312.1081753,990,1019.1875,75.22536384,,,
431,313.8567965,996,1006.875,2.066693094,,,
432,315.5256946,974,987.90625,16.7459806,,,
433,317.1785095,962,980.6875,3.295393513,,,
434,316.6620236,968,984.1875,25.06257528,,,
435,314.7488344,947,957.09375,41.99840234,,,
436,309.9502248,964,963.1875,43.56324611,,,
437,313.7385581,952,989.9375,18.60962756,,,
438,317.3173272,964,988.09375,2.159450051,,,
439,317.5311069,970,1001.875,3.840824444,,,
440,160.2132015,547,968.46875,98.1321076,,,
441,316.125041,974,940.9375,88.58864636,,,
442,316.4079292,947,981.03125,19.5745349,,,
443,315.2448741,946,988.6875,2.448618566,,,
444,314.3982243,969,952.96875,18.88370292,,,
445,316.5086474,1008,980.4375,1.374516913,,,
446,316.8062094,964,995.65625,11.02885178,,,
447,313.1322276,975,974.78125,24.57592319,,,
448,315.6989459,968,994.03125,2.22288477,,,
449,316.2342109,956,970,30.88314621,,,
450,315.8947078,979,937.71875,49.714421,,,
451,316.1208076,947,1010.46875,68.45145479,,,
452,316.4233018,985,963.8125,1.427340019,,,
453,316.5675785,946,980.21875,11.07080613,,,
454,315.0895227,955,959.28125,21.67575413,,,
455,316.0538204,946,1042.84375,94.45019082,,,
456,316.7147448,967,971.53125,1.607973379,,,
457,320.1098055,935,957.40625,1.270746885,,,
458,318.5286452,954,975.84375,39.64952737,,,
459,317.2167252,929,973,53.64917293,,,
460,320.7400764,933,951.375,1.482612682,,,
461,298.0488011,935,1057.875,114.8357012,,,
462,317.9333407,958,920.5625,72.50853128,,,
463,316.3767318,962,1007.5,76.1990382,,,
464,315.1628371,960,942.3125,55.50831948,,,
465,314.7991882,969,958.28125,52.72335721,,,
466,311.8492276,987,985.1875,29.43841479,,,
467,312.5260903,985,1013.40625,13.94824456,,,
468,318.0244477,962,992.34375,1.881839967,,,
469,314.5422185,962,1006.46875,66.60864269,,,
470,311.4716815,1010,990.96875,29.04293396,,,
471,315.1425555,958,922.71875,69.72287564,,,
472,316.4882208,925,931.96875,62.8044484,,,
473,312.4786883,974,955.34375,41.34496687,,,
474,314.8675956,947,966.90625,2.696687362,,,
475,315.9120957,914,933.40625,47.15044799,,,
476,312.7075594,961,935.03125,24.54437075,,,
477,309.8614843,1016,948.8125,38.35064504,,,
478,316.2005725,943,962.625,41.12261706,,,
479,311.7109381,1035,973.34375,2.870193545,,,
480,314.6177623,956,949.3125,25.27460097,,,
481,318.241629,929,956.21875,1.758493025,,,
482,318.0354964,935,978.71875,2.666070282,,,
483,318.694902,919,926.3125,37.1297836,,,
484,316.3588221,930,927.21875,37.91146089,,,
485,315.8330627,941,956.65625,76.95179598,,,
486,315.7124428,941,940.84375,15.631726,,,
487,315.4516916,933,940.125,11.04051116,,,
488,319.3671235,913,941.40625,1.82485995,,,
489,316.6438745,966,959.21875,83.36691881,,,
490,315.9934442,935,937.1875,49.55627552,,,
491,316.3615991,908,940.5,22.10196414,,,
492,312.8938563,931,919.53125,24.9591091,,,
493,310.9240837,939,962.8125,60.53295735,,,
494,314.5514049,906,950.875,1.557285169,,,
495,318.1818658,902,930.3125,1.537391911,,,
496,318.4260264,896,935.875,1.791511161,,,
497,320.6529028,905,915.3125,1.451745703,,,
498,318.3814297,966,1024.71875,19.39421546,,,
499,318.0288637,965,957.8125,65.17640664,,,
500,315.5453896,1034,995.4375,42.34255277,,,
501,315.3873289,1020,1032.34375,52.18130239,,,
502,318.0333975,942,1035.25,38.16657002,,,
503,316.9410063,979,984.0625,2.0642442,,,
504,317.3361092,963,1100.0625,154.0451389,,,
505,319.0601819,974,1000.84375,1.88048411,,,
506,320.2339686,972,1016.15625,1.734755451,,,
507,319.0933095,996,997,53.88883878,,,
508,319.5303891,989,1021.59375,33.67469782,,,
509,317.6769203,993,1048.5,72.55444863,,,
510,316.6947944,999,1004.125,44.13846212,,,
511,320.8659738,947,1016.03125,1.736547237,,,
512,316.9638771,1000,974.96875,38.37250595,,,
513,315.4982374,953,1073.59375,129.2433028,,,
514,316.7174349,973,1007.9375,3.925592219,,,
515,315.3298058,957,1020.71875,116.2608026,,,
516,315.8532435,982,989.28125,1.368397799,,,
517,317.0085573,939,1025.125,3.272289232,,,
518,320.2651901,916,961.6875,1.506087646,,,
519,317.928456,920,1000.28125,16.84726332,,,
520,319.1651965,934,977.875,1.921740741,,,
521,320.0521013,918,971.59375,2.774434781,,,
522,317.3126426,945,983.5625,20.35953833,,,
523,318.2009385,947,977.875,1.790524595,,,
524,320.3536894,933,970.65625,1.418799382,,,
525,318.8674842,969,1005.625,57.51028293,,,
526,316.3433009,984,993.9375,49.84504,,,
527,316.3892823,983,1004.25,30.22199333,,,
528,319.6214639,869,992.40625,3.08181107,,,
529,320.7203312,890,914.9375,2.369981304,,,
530,319.8794653,955,933.71875,1.714347846,,,
531,210.4733999,824,1101.53125,160.3237681,,,
532,315.8537136,1025,1225.84375,39.65216612,,,
533,317.9472171,973,1092.875,99.38493334,,,
534,314.1918119,1054,996.59375,53.41823005,,,
535,314.0321093,1026,1099.09375,66.72046768,,,
536,317.9391289,909,1073.53125,3.992683417,,,
537,317.5505294,915,967.40625,2.139890364,,,
538,316.4890092,932,945.15625,41.40334959,,,
539,314.3349936,968,984.40625,71.98542626,,,
540,313.7367161,1012,982.84375,1.818526504,,,
541,315.9777226,946,978.1875,63.06481703,,,
542,317.4871858,964,1001.5,2.821845198,,,
543,318.4414439,949,932.875,49.37185555,,,
544,318.219927,940,985.4375,26.09904422,,,
545,315.7016501,970,1017.9375,74.54947338,,,
546,313.0237036,1087,1032.84375,68.05869083,,,
547,315.4997803,1008,999.53125,70.97034585,,,
548,314.8795188,1025,1049.15625,26.09777412,,,
549,319.3392419,941,1055.40625,4.717340328,,,
550,316.2231736,933,913,88.10573942,,,
551,311.6426723,1012,917.75,64.14321594,,,
552,321.1837312,889,989.46875,2.612244637,,,
553,320.2190724,925,956.125,6.21747559,,,
554,315.8675619,965,965.59375,43.44684472,,,
555,314.0988992,972,978.40625,3.416032855,,,
556,319.905439,889,973.15625,35.49419766,,,
557,319.1901842,920,954.1875,2.446549117,,,
558,318.9852294,897,942.6875,2.693719201,,,
559,320.7621964,890,923.53125,25.00933384,,,
560,318.9942665,947,936.40625,2.135134954,,,
561,317.3429131,959,929.53125,51.63366282,,,
562,319.3673841,919,989.28125,2.716307944,,,
563,317.3909884,950,939.53125,45.15759107,,,
564,319.3055636,937,973.3125,3.29458637,,,
565,315.8971561,990,966.15625,2.58899043,,,
566,320.2381715,919,993.5,2.310873507,,,
567,318.7325743,938,984.25,2.507615682,,,
568,317.0299597,991,983.15625,12.36292948,,,
569,315.1169145,1076,1003,2.649478124,,,
570,317.1509175,1034,1126.90625,32.73530529,,,
571,315.0033742,1020,1174.59375,18.20306168,,,
572,317.2449307,950,1029.28125,3.071680699,,,
573,320.6373614,903,970.1875,2.198486714,,,
574,319.7245506,955,966.21875,1.336398292,,,
575,316.6090375,968,1031.375,3.257382382,,,
576,317.2629199,967,991.78125,1.851697942,,,
577,318.8996979,947,984.0625,4.021130813,,,
578,321.2545959,923,967.53125,1.767715962,,,
579,321.0225915,897,1003.8125,3.699666008,,,
580,321.5214587,901,946.53125,1.627632903,,,
581,319.9856744,928,972.46875,71.16365006,,,
582,321.2641122,920,975.0625,2.101001303,,,
583,319.1086512,970,977.28125,2.445034642,,,
584,321.9157723,905,1006,3.37133757,,,
585,318.0393704,962,953.53125,31.93031765,,,
586,321.8139179,934,979.8125,1.976740194,,,
587,321.2813774,960,971.53125,1.796774959,,,
588,317.8283996,1003,1075.5625,6.231447881,,,
589,317.4624567,1039,1007.375,1.956674211,,,
590,316.1022371,1034,1075.59375,69.76435391,,,
591,313.226856,1083,1077.3125,58.45386286,,,
592,315.9653638,1035,1049.34375,80.84491355,,,
593,316.6057849,1024,1060.3125,55.84722123,,,
594,319.5320244,954,1041.375,3.227983336,,,
595,318.6702839,947,1010.4375,2.347887468,,,
596,319.213513,984,991.21875,2.065834171,,,
597,320.8974076,979,995.03125,1.910831153,,,
598,318.2111847,1016,1076.6875,4.376113622,,,
599,320.1745754,975,1036.46875,2.369865691,,,
600,320.9899087,979,1041.03125,3.424032602,,,
601,319.1219376,966,1019.96875,1.94965884,,,
602,317.3915288,973,986.84375,16.40667924,,,
603,316.8033192,959,982.09375,35.7182743,,,
604,312.4076887,996,1034.28125,69.58857087,,,
605,316.8342227,948,1012.875,1.911552497,,,
606,318.2885855,977,989.21875,2.290424171,,,
607,314.1659895,1065,1029.28125,60.89557871,,,
608,315.5124826,1033,1061.40625,2.856021578,,,
609,313.7048197,993,1113.96875,5.298760008,,,
610,314.6248887,1078,1000.375,2.430991944,,,
611,317.1818294,962,1093.28125,4.581533962,,,
612,315.1169126,1014,1049.46875,120.922393,,,
613,317.6077347,986,1014.53125,2.755070148,,,
614,315.6459543,972,1013.1875,5.111818386,,,
615,317.46072,1024,990.90625,2.309616884,,,
616,316.3380836,954,1027.8125,3.69205557,,,
617,319.2422553,923,942.625,1.622102001,,,
618,319.588444,910,964.59375,1.812176882,,,
619,318.2839024,928,939.1875,1.237440682,,,
620,316.7820699,925,960.90625,2.344473383,,,
621,322.0955602,917,956.03125,2.278388287,,,
622,317.6592329,982,992.84375,4.659483697,,,
623,320.5717868,976,990.9375,1.737894689,,,
624,318.8963998,956,1008.84375,47.80033115,,,
625,321.3461237,953,979.3125,1.820418922,,,
626,319.0171784,941,1002.75,16.57968774,,,
627,320.7389714,960,977.75,2.394540889,,,
628,318.455276,1065,1008.28125,3.76464149,,,
629,319.8393846,988,1147.46875,5.323308374,,,
630,323.1353508,987,1023.65625,2.43322245,,,
631,322.2863851,993,1121.78125,44.08607419,,,
632,319.8276728,1006,1116.40625,24.73514748,,,
633,318.3126493,1034,1059.5625,2.828069124,,,
634,318.4440338,1000,1028.59375,25.15872854,,,
635,319.5823358,976,1044.5625,3.488140575,,,
636,321.2199701,948,1012.15625,1.868292761,,,
637,320.120551,994,1010.84375,2.980033658,,,
638,322.4194463,949,1031.09375,2.142690853,,,
639,317.3631341,1014,969.375,37.34111057,,,
640,318.6072724,1028,1010.5,2.177794471,,,
641,321.866476,971,1027.03125,2.20321883,,,
642,322.4250866,973,1031.90625,24.98730865,,,
643,321.4850719,996,905.4375,110.7747701,,,
644,318.1519972,1046,1055.09375,3.505149915,,,
645,319.6542944,1001,1052.40625,4.529312446,,,
646,319.9442212,992,1028.53125,1.830836492,,,
647,319.5427492,1025,1015.0625,2.317653367,,,
648,317.0262083,1071,1041.1875,56.07595479,,,
649,316.9323986,1061,1114.71875,55.11212814,,,
650,316.0021241,1024,1215.34375,132.7276945,,,
651,316.8685027,995,1081.34375,14.33286474,,,
652,316.0273239,992,934.09375,96.68023571,,,
653,314.0685566,1000,1044.59375,60.26988622,,,
654,307.8904069,1052,1028.40625,45.36845479,,,
655,307.6812047,1060,1014.78125,37.59026499,,,
656,308.8640069,1043,1048.46875,5.192502712,,,
657,315.14976,964,1035.5,2.979348129,,,
658,311.2684598,1018,989.875,8.578984034,,,
659,315.5941073,955,1014.6875,3.283838127,,,
660,318.5936589,941,984.03125,2.220117771,,,
661,318.2948209,949,996.4375,2.815758199,,,
662,319.3601185,980,980.125,1.828998912,,,
663,320.6548325,978,990.65625,1.545101195,,,
664,318.979631,940,1020.0625,4.137389539,,,
665,319.9834806,924,978.1875,2.418720406,,,
666,318.5442717,989,956.28125,1.750533255,,,
667,321.3971288,923,1012.46875,3.717747427,,,
668,321.1983575,931,957.75,2.089664924,,,
669,318.7394623,967,965.09375,2.40825289,,,
670,319.3326973,953,1012.96875,3.58698176,,,
671,320.4372232,933,950.15625,2.472679857,,,
672,320.6227832,930,923.90625,38.73631872,,,
673,321.7231421,915,951.8125,1.892352447,,,
674,317.9976836,983,950.59375,20.12339752,,,
675,321.2632302,944,1007.03125,2.943543358,,,
676,319.8454331,930,985.15625,30.54974606,,,
677,319.4439803,922,1016.15625,60.05884085,,,
678,321.0683235,934,995.8125,2.997041321,,,
679,321.0332224,910,949.71875,1.77170118,,,
680,323.1563512,917,968.125,4.179228227,,,
681,320.7767581,907,973.84375,3.966298046,,,
682,320.5171307,902,901.8125,52.11916321,,,
683,321.4569304,907,937.375,1.936614138,,,
684,319.6169627,899,957.4375,62.18950478,,,
685,318.7114314,930,935.625,27.96929539,,,
686,320.563734,919,939.4375,1.864344471,,,
687,319.5308181,940,915,58.09670019,,,
688,317.8181527,917,968.46875,13.10385008,,,
689,315.7607983,939,909.9375,48.79121592,,,
690,316.5893761,958,961.375,11.28524148,,,
691,313.709823,1018,962.28125,35.9752735,,,
692,320.3751353,906,1039.40625,3.008030851,,,
693,319.8131631,932,916.84375,48.60863345,,,
694,317.5670236,939,930.4375,54.304321,,,
695,321.226196,864,957,2.191492025,,,
696,319.2774679,928,830.25,81.02551563,,,
697,311.2642846,993,992.75,36.04803563,,,
698,313.1139505,945,997.09375,22.65693596,,,
699,315.9661831,895,974.96875,3.382069996,,,
700,315.1818062,958,938.53125,1.798096927,,,
701,317.8779493,959,970,2.881579787,,,
702,181.0661378,568,933.71875,82.16628401,,,
703,313.9318583,956,1010.84375,11.38072528,,,
704,311.6900845,961,930.09375,59.85061988,,,
705,319.4642536,933,990.03125,2.344203841,,,
706,316.7761176,956,961.78125,16.39313131,,,
707,315.4951989,994,977.5625,19.26248065,,,
708,318.2129436,916,1000.5625,2.415764939,,,
709,316.1159185,917,924.375,108.1686253,,,
710,316.2624893,942,909.96875,32.05263651,,,
711,313.8792007,935,946.71875,31.93836495,,,
712,313.6734688,916,886.3125,97.45867634,,,
713,312.2600663,918,942.34375,71.59807041,,,
714,313.6136057,930,899,62.1810877,,,
715,311.8810458,922,948.65625,37.41786523,,,
716,309.3156272,942,909.1875,61.47464825,,,
717,309.1541848,924,956.5,20.66623641,,,
718,311.1138075,891,948.9375,35.49697242,,,
719,312.1549297,897,926.65625,41.05944372,,,
720,311.8652495,968,963.4375,2.169925287,,,
721,311.667816,929,918.3125,45.26927214,,,
722,310.5454109,987,944.90625,28.19900387,,,
723,311.2325342,970,1014.375,2.596305262,,,
724,311.2632121,973,970.34375,48.7395378,,,
725,310.0780357,995,967.03125,51.41456026,,,
726,313.4470727,907,1003.46875,27.31472553,,,
727,310.8666994,948,961.875,13.84628502,,,
728,308.7610431,941,964.09375,32.37411171,,,
729,307.1503122,948,950.4375,29.26447598,,,
730,309.322108,921,952.90625,16.0845996,,,
731,93.22626466,349,949.09375,1.951493115,,,
732,310.2933518,950,944.3125,21.18140601,,,
733,316.8427275,914,960.03125,2.331054546,,,
734,316.5208309,944,909.0625,80.37834214,,,
735,315.5154831,956,940.75,58.74016823,,,
736,307.3035164,1052,931.6875,62.49298847,,,
737,310.544327,998,945.6875,69.95244524,,,
738,312.5936799,951,999.65625,19.41114977,,,
739,314.5055039,946,1019.1875,2.56553466,,,
740,313.6711139,991,957.625,47.01577787,,,
741,313.5425699,997,996.9375,27.62760104,,,
742,310.7794003,1019,1016.8125,1.750552154,,,
743,82.36011732,317,977.90625,47.21204834,,,
744,313.9216948,1007,967.15625,51.5920568,,,
745,314.2145138,1029,1022.1875,2.726318191,,,
746,312.5026391,1032,970.34375,71.12750128,,,
747,311.3376913,1036,990.5,96.85490042,,,
748,314.2489436,966,982.125,62.70848677,,,
749,309.2929044,1031,1011.84375,44.24453848,,,
750,309.9703874,1006,948.28125,89.34939442,,,
751,311.255707,962,1018.09375,7.264019777,,,
752,313.6220326,938,1009.28125,3.977776787,,,
753,313.4833163,921,933.96875,61.73293101,,,
754,309.1310422,988,976.75,24.02730872,,,
755,310.0679827,979,977.28125,32.00473961,,,
756,303.5657553,1072,1009.4375,44.10118493,,,
757,309.8786258,999,1045.875,2.896499776,,,
758,304.3974243,1069,979.4375,48.42728755,,,
759,308.4786123,976,1076.78125,3.601837458,,,
760,307.8414626,1003,989.59375,40.94567006,,,
761,307.5973439,1049,1036.46875,2.570630647,,,
762,305.724049,1096,1034.875,42.12600609,,,
763,306.5813366,1101,1092.21875,40.90051806,,,
764,311.8295353,973,1106.875,3.107431544,,,
765,310.4477854,973,1051.03125,21.38188495,,,
766,311.0704406,960,1020.0625,14.07948117,,,
767,306.2871145,1033,1018.5,30.65487806,,,
768,307.6361538,980,1024.96875,30.30116988,,,
769,308.2117904,1006,1036.40625,2.221586727,,,
770,308.4968922,984,998.28125,33.86577162,,,
771,304.9422068,1086,1033.4375,1.779962984,,,
772,308.8929011,1057,1076.59375,3.057740442,,,
773,305.5289807,1107,1084.6875,20.37799955,,,
774,309.1960615,1014,1123.3125,2.851020363,,,
775,305.4629037,1101,1055.75,58.33292124,,,
776,301.5917514,1189,1114.5,26.38081245,,,
777,307.2310591,1062,1127.875,8.606544385,,,
778,308.5181863,1079,1107.0625,2.324280752,,,
779,308.7817165,1038,1103.9375,2.825666534,,,
780,309.1257794,1042,1020.4375,58.41175047,,,
781,307.8979341,1049,1035.875,32.01220906,,,
782,308.2550188,1028,1050.4375,57.69927761,,,
783,302.4761729,1108,1083.21875,2.871981013,,,
784,306.7451207,1085,1038.84375,40.04709229,,,
785,309.6195851,1017,1094.71875,2.437487008,,,
786,309.6894854,1034,1070.65625,1.751447912,,,
787,310.9297842,993,1039.46875,34.55861015,,,
788,308.8114632,1056,1011.71875,32.73380989,,,
789,309.2101129,1064,1070.0625,2.271589138,,,
790,309.3009263,1023,1057.1875,22.33558839,,,
791,310.9857059,1025,1029.1875,1.626057499,,,
792,302.3015996,1154,1028.90625,56.57676641,,,
793,306.5078787,1047,1144.90625,5.277225961,,,
794,306.8263399,1038,1044.9375,8.793621848,,,
795,310.3199638,990,1040.78125,59.67644235,,,
796,309.8545837,1034,1055.9375,2.237766326,,,
797,313.273346,999,1037.84375,2.139143272,,,
798,313.0916311,958,1037.5625,2.882114428,,,
799,313.6569955,976,990.5625,2.111652935,,,
800,219.0023149,676,937.96875,43.77318329,,,
801,314.2800369,939,941.78125,47.22444526,,,
802,314.0906341,930,966.15625,10.05117053,,,
803,314.4783152,949,957.1875,1.550653457,,,
804,315.7079602,920,901.375,68.21979694,,,
805,313.539561,962,966.90625,9.127643238,,,
806,314.7279264,942,1024.21875,2.747339554,,,
807,315.3283598,923,984.1875,27.50152729,,,
808,312.9058254,953,986.375,13.67960092,,,
809,315.0692152,925,894.5,81.48351338,,,
810,311.7978799,995,962.53125,35.74463428,,,
811,313.93318,958,977.03125,1.861604202,,,
812,309.6224981,968,956.125,80.83236224,,,
813,312.9928073,963,991.1875,2.265976645,,,
814,313.3729196,985,993.71875,1.726213806,,,
815,315.1269596,934,986.9375,21.75207157,,,
816,312.9066075,947,961.4375,16.34643736,,,
817,313.9302951,958,958.75,1.768049546,,,
818,314.6229198,934,971.90625,41.03909328,,,
819,313.3615879,986,974.875,1.837115469,,,
820,308.7132959,1078,972.71875,44.60801771,,,
821,311.3172695,997,1006.5625,49.20088096,,,
822,312.5479072,989,1045.1875,2.722525457,,,
823,314.4551975,958,987.46875,11.05506457,,,
824,312.063516,998,1023.40625,2.647075531,,,
825,313.8687229,992,994.46875,1.384735615,,,
826,315.9314226,939,999.6875,1.953034745,,,
827,315.6121113,956,977.71875,1.626336506,,,
828,317.2924608,928,956.4375,42.32805468,,,
829,316.6189601,979,943.0625,34.58173373,,,
830,316.8013109,952,981.28125,1.671472907,,,
831,313.5684382,1000,930.84375,76.82252076,,,
832,312.7672595,1061,1000.15625,2.53672003,,,
833,315.8120466,947,1029.28125,3.352215418,,,
834,316.151774,932,951.09375,39.57446776,,,
835,314.2797897,963,969.5,1.745665022,,,
836,316.2213886,1000,982.625,2.017588038,,,
837,318.3356876,971,1051.78125,6.009865673,,,
838,315.3158973,1006,1023.28125,2.472237341,,,
839,313.8778871,1019,983.9375,37.29653476,,,
840,315.9815589,953,1032.625,2.040201921,,,
841,315.5433757,998,972.5625,1.261411003,,,
842,316.2485239,1038,999.125,1.443629223,,,
843,317.9403275,918,997.9375,1.939592086,,,
844,316.4371357,960,931.75,44.04486599,,,
845,317.1600286,968,978.46875,10.73952615,,,
846,316.8257218,967,986.125,1.414717573,,,
847,318.55137,953,967.40625,22.85284642,,,
848,318.0596755,925,983.4375,1.759481072,,,
849,314.8032288,934,953.625,18.46845878,,,
850,316.6064898,965,966.75,2.192798248,,,
851,315.134271,990,949.90625,60.42852778,,,
852,314.876921,991,983.6875,50.21501871,,,
853,316.5591083,953,1034.0625,2.17804749,,,
854,316.3595976,970,973.34375,2.25395487,,,
855,313.5650682,969,959.25,55.35529853,,,
856,313.7657485,1021,973.3125,2.086002973,,,
857,315.3191346,999,1033.9375,3.640846272,,,
858,318.4635896,950,1005.21875,2.47461433,,,
859,316.4821049,954,974.6875,26.98195504,,,
860,315.5326313,978,964.875,1.831213499,,,
861,308.1101378,1111,896.34375,106.7876035,,,
862,313.7528745,1009,1145.96875,4.626694537,,,
863,314.5125551,980,1054.46875,1.918253287,,,
864,316.3937862,934,1001.46875,2.021028462,,,
865,317.6402794,933,958.78125,21.32918109,,,
866,317.2573991,924,962.53125,1.694500623,,,
867,318.6119596,946,945.0625,2.142687836,,,
868,318.3347776,920,1079.03125,134.3601418,,,
869,317.8195012,920,968.53125,1.979050081,,,
870,313.9825073,976,985.375,19.7260663,,,
871,314.8410735,960,997.28125,15.79398476,,,
872,316.4466407,995,972.96875,3.28008259,,,
873,313.7002546,989,946.1875,64.17722165,,,
874,318.0524399,934,1019.0625,1.995312733,,,
875,318.6951766,933,981.28125,1.938305092,,,
876,319.2517917,923,953.53125,3.55714267,,,
877,319.2017018,953,953.65625,1.427796964,,,
878,319.5453361,926,1000.4375,69.54336368,,,
879,317.6341097,946,964.28125,3.229103683,,,
880,319.4458986,952,977.15625,2.377849724,,,
881,319.3108115,920,1066.125,7.562544082,,,
882,320.8958147,904,972.3125,2.443602813,,,
883,319.8542784,955,971.28125,1.953479123,,,
884,318.6333188,957,951.5625,7.13486897,,,
885,319.4093458,936,983.6875,1.899289698,,,
886,318.5079762,943,954.5625,12.91250977,,,
887,319.1241807,995,989,2.695517231,,,
888,319.4557123,903,1013.25,2.57294108,,,
889,317.1131634,966,936.125,51.14749279,,,
890,318.1353027,955,971.90625,5.395291689,,,
891,319.5948525,948,966.28125,1.625049937,,,
892,320.0949528,964,989.875,39.55767227,,,
893,320.6130531,971,994,22.1528445,,,
894,318.6442575,1024,1009.375,7.444751455,,,
895,319.0739793,948,1033.40625,2.762993153,,,
896,320.6021757,947,987.125,2.056999764,,,
897,320.0707432,926,986.9375,45.02794537,,,
898,317.8476497,956,964.21875,27.57528933,,,
899,320.3658635,956,999.3125,1.86904598,,,
900,317.0328,984,1009.9375,2.984911627,,,
901,318.2422977,947,963.65625,31.88777657,,,
902,318.1354375,952,967.03125,37.72450774,,,
903,314.0015239,1044,967.84375,14.27788136,,,
904,318.247115,931,1045.09375,2.419922102,,,
905,318.0748888,963,941.09375,50.47184503,,,
906,315.1524944,988,1000.84375,23.50849744,,,
907,317.9836863,953,1015.375,2.654495681,,,
908,316.2779137,1002,1020.25,2.248285558,,,
909,315.4519748,984,1030,2.593445097,,,
910,318.5257254,936,983.15625,1.750141128,,,
911,316.4095945,995,962.5625,30.31848247,,,
912,312.9056397,995,1025.09375,46.94129786,,,
913,310.7937573,1012,1008.625,50.2220736,,,
914,313.2474393,970,992.78125,1.987971853,,,
915,222.8285613,740,930,36.28754925,,,
916,312.2671572,988,970.5625,16.00210627,,,
917,313.3209343,960,996.90625,1.737937656,,,
918,313.4350952,948,982.0625,23.87069959,,,
919,315.1644764,982,990.9375,2.560212689,,,
920,314.8612931,967,1023.84375,3.247333539,,,
921,309.660348,1106,980.875,1.559398622,,,
922,315.9371557,952,1066.375,65.107757,,,
923,312.1689103,1004,992.65625,76.32320485,,,
924,312.7014224,1004,971.9375,38.44664129,,,
925,314.7520531,943,1014.71875,1.950440308,,,
926,312.4960109,971,964.53125,56.07558954,,,
927,308.9072678,958,972.1875,48.52801188,,,
928,313.5064355,918,973.5625,2.789677365,,,
929,311.962181,986,946.40625,1.664065272,,,
930,314.4237674,959,952.84375,57.03009884,,,
931,314.7081145,936,1151.53125,142.1766836,,,
932,128.3951287,431,1002.28125,2.262511827,,,
933,162.1040637,560,948.875,1.573294252,,,
934,317.1114618,901,974.9375,1.497177638,,,
935,312.9196243,896,974.90625,37.16156054,,,
936,315.8324294,929,937.0625,1.969437483,,,
937,315.0012655,917,976.25,67.8149634,,,
938,315.9515951,932,914.5625,38.32063855,,,
939,315.2128178,920,939.0625,26.7882482,,,
940,313.5079648,926,921.90625,40.37299544,,,
941,313.8302048,923,907.8125,43.57887022,,,
942,313.3388477,918,920.21875,34.21245338,,,
943,313.4074991,893,925.96875,10.455897,,,
944,312.5188913,894,935.65625,1.69341292,,,
945,311.7852152,903,860.65625,58.3214752,,,
946,313.7553354,882,951.125,1.783298924,,,
947,312.2795494,919,921.3125,35.48413066,,,
948,313.621042,935,948.09375,2.299070435,,,
949,314.5013822,917,946.59375,1.969609956,,,
950,313.6982781,958,926.5625,52.06188552,,,
951,316.36891,922,931.09375,46.8264784,,,
952,313.0976544,928,963.03125,2.646239488,,,
953,314.1966382,960,950.75,1.824453051,,,
954,143.833913,490,961.9375,9.466309049,,,
955,315.0125933,957,971.875,2.493099848,,,
956,312.6916298,988,965.40625,1.69184417,,,
957,314.7806651,941,966.90625,1.588732839,,,
958,317.4957308,958,959.53125,1.628060694,,,
959,312.2363251,1012,976.84375,20.92222055,,,
960,316.0870071,941,1004.65625,2.063704179,,,
961,315.5335433,959,975.75,5.977129048,,,
962,314.0801236,956,983.25,8.572286894,,,
963,313.1969102,1034,986.1875,1.701232066,,,
964,316.0308522,965,983.3125,33.20301059,,,
965,313.6985203,1027,1002.15625,32.78358847,,,
966,315.384648,937,1094.6875,5.636078802,,,
967,314.8859536,938,982.375,19.01540308,,,
968,312.9318805,964,975.375,32.15272229,,,
969,311.6971194,1064,979.6875,2.265641623,,,
970,314.5187458,939,1038.28125,3.470759241,,,
971,314.3212657,963,982.5625,2.160240098,,,
972,313.2306624,953,1005.125,48.55219382,,,
973,311.4410626,1015,972.40625,40.49432743,,,
974,311.5695086,985,1036.65625,3.710585628,,,
975,311.307135,976,951.0625,43.99407741,,,
976,314.8406389,957,997.09375,1.999712992,,,
977,315.6512342,949,1005.09375,3.176223763,,,
978,313.7372113,959,945.875,39.10964681,,,
979,316.5903135,952,981.4375,2.63220777,,,
980,318.7447095,922,956.8125,1.594845774,,,
981,145.5276036,485,974.4375,2.072123308,,,
982,315.413582,961,912.9375,73.70027414,,,
983,317.5442235,939,975.375,43.90555055,,,
984,316.3841647,981,998.75,2.581056715,,,
985,314.7441888,984,987,61.04985531,,,
986,313.3054673,977,992.53125,49.65134215,,,
987,314.4568919,974,996.28125,2.259548441,,,
988,315.8349818,951,880.5,100.8551754,,,
989,311.5374616,1030,966.59375,27.70974653,,,
990,311.2691272,1028,994.625,34.22439671,,,
991,314.8140578,999,1002.375,2.259655064,,,
992,313.9553973,1026,1012.65625,2.198163806,,,
993,313.2901686,1016,1018.75,42.46317437,,,
994,316.4416931,983,999.5625,1.769544631,,,
995,316.4685763,958,1010.34375,11.5901325,,,
996,314.8645622,958,1007.71875,3.035155712,,,
997,315.6626967,978,976.84375,1.806393889,,,
998,316.6286015,961,984.53125,1.86898023,,,
999,313.7760994,996,973.1875,30.08085948,,,
1000,317.2615702,973,1016.5,2.819876808,,,
1001,316.8404096,1000,1014.625,1.847442292,,,
1002,317.7753782,1009,1023.03125,31.56001679,,,
1003,318.5867019,966,1033.1875,2.819676998,,,
1004,318.3581653,1001,999.75,2.504876755,,,
1005,318.8425766,983,1011.5625,29.91417736,,,
1006,320.029705,960,1005.96875,2.829078145,,,
1007,321.5719714,958,992.5625,2.126054972,,,
1008,319.9932004,961,997.4375,23.98222573,,,
1009,316.0985784,1019,1036.5625,3.291677231,,,
1010,316.7646316,1027,1015,36.52908224,,,
1011,317.4754708,1029,1052.6875,55.62821825,,,
1012,319.126275,985,1083.96875,4.122375107,,,
1013,318.6971652,1004,1008.15625,21.17940203,,,
1014,316.8367826,984,1049.125,3.259898801,,,
1015,313.1412482,1030,989.1875,44.20668209,,,
1016,315.6597597,1027,1039.125,2.532045296,,,
1017,316.3541188,1023,997.71875,55.0101322,,,
1018,314.8654111,1042,1034.3125,30.07930121,,,
1019,313.3423342,1054,1005.375,64.83375467,,,
1020,311.9474593,1073,1046.9375,2.319384113,,,
1021,317.6917317,1019,1052.84375,3.539038694,,,
1022,317.1619723,1029,1062.03125,2.584905608,,,
1023,321.1963926,968,1041.09375,1.995500151,,,
1024,318.3758625,1024,1016.3125,1.945672737,,,
1025,320.3615287,964,1007.5,33.04643663,,,
1026,319.5426463,966,1010.0625,1.551081302,,,
1027,317.7207867,957,983.3125,12.09196242,,,
1028,319.5741814,951,998.375,2.063485253,,,
1029,318.6577713,944,986.5625,32.08268064,,,
1030,317.4806941,956,955.0625,60.17013249,,,
1031,316.672643,965,999.375,2.210877515,,,
1032,318.7147123,969,968.3125,1.483564765,,,
1033,318.9910176,977,983.46875,2.14308363,,,
1034,318.1922342,981,955.625,51.42628034,,,
1035,318.8277094,1006,987.65625,1.430155355,,,
1036,316.854903,990,1010.78125,26.80157118,,,
1037,316.0321207,1035,981.78125,54.74471959,,,
1038,316.8426783,1004,977.8125,75.79910016,,,
1039,315.991459,1010,1005.75,54.24944519,,,
1040,315.8870938,974,1073.5,24.59587719,,,
1041,317.6729629,989,1001.15625,2.177827319,,,
1042,317.9274673,980,986.25,35.73431641,,,
1043,316.9327611,997,993.5,1.806391156,,,
1044,316.619452,1017,1017.9375,10.64289472,,,
1045,315.8968962,968,1032.78125,1.961028599,,,
1046,316.4518096,1008,990,1.639117394,,,
1047,314.1812233,1033,981.15625,59.02952252,,,
1048,319.0676316,956,1037.3125,3.458598095,,,
1049,313.4400713,993,961.75,49.18914334,,,
1050,318.5383033,939,967.09375,1.986471827,,,
1051,317.8453431,957,979.3125,2.103115584,,,
1052,315.648661,963,962.59375,42.31166203,,,
1053,316.338944,959,990.46875,2.697791265,,,
1054,317.1820969,948,972.40625,9.92129948,,,
1055,319.2672429,941,973.78125,1.704875018,,,
1056,317.7838405,986,970.90625,1.648536708,,,
1057,316.246747,995,1009.625,18.76798879,,,
1058,317.1476087,961,986.1875,1.686395727,,,
1059,316.7962306,969,983.25,2.319666088,,,
1060,316.8224428,962,942.6875,53.78232488,,,
1061,316.6625482,974,976.65625,18.22745466,,,
1062,314.7456333,1000,961.15625,54.00606267,,,
1063,316.5600454,992,894.1875,100.7925889,,,
1064,315.6275222,1012,1016.71875,26.72791241,,,
1065,152.6385428,575,1021.625,58.17077675,,,
1066,314.8646974,1013,1051.40625,63.10400897,,,
1067,315.5487933,1001,1081.5625,38.53491354,,,
1068,314.8702957,965,995.28125,12.77128183,,,
1069,311.2186858,1056,941.15625,76.179216,,,
1070,317.6249894,958,1019.1875,2.932767482,,,
1071,315.7638612,959,967.78125,36.17168523,,,
1072,314.6350893,973,1010.1875,26.99973677,,,
1073,313.4845923,1006,887,95.06674098,,,
1074,309.223163,1070,968.84375,61.49792683,,,
1075,309.7631113,1051,964.59375,120.974551,,,
1076,307.058575,1089,1037.8125,15.88161619,,,
1077,309.3694303,1041,1062.8125,11.86338972,,,
1078,310.0311692,1016,1046.90625,8.588942195,,,
1079,312.5692968,1003,1030.9375,2.158922039,,,
1080,310.6921874,998,988.40625,42.46347744,,,
1081,308.3583633,1029,1013.4375,37.256467,,,
1082,306.4079358,1067,998.09375,56.92933316,,,
1083,309.4526881,1031,1039.90625,20.84919329,,,
1084,303.5086195,1107,1039.84375,43.98143398,,,
1085,309.1308821,1007,1086.4375,3.189139233,,,
1086,312.0275185,995,1009.65625,20.90891226,,,
1087,309.8058226,994,1031.3125,76.79075251,,,
1088,311.8604526,1015,1044,2.426927101,,,
1089,312.5018929,1003,1031.5625,1.720459536,,,
1090,311.2470523,1039,1066.34375,120.1873659,,,
1091,313.4990187,1036,1010.84375,1.64945488,,,
1092,312.5487701,1051,1073.8125,71.60079488,,,
1093,312.7649429,1031,1072.03125,3.706821945,,,
1094,313.5647204,1028,1041.40625,1.970842486,,,
1095,312.7752087,1023,1015.3125,34.76400676,,,
1096,313.0749346,1025,1031.5,2.17263902,,,
1097,313.5579702,996,1014.53125,33.64984909,,,
1098,315.5503206,980,1021.34375,2.800546002,,,
1099,317.5979984,972,1013.40625,5.55611002,,,
1100,316.2277298,980,1002.09375,2.330141791,,,
1101,315.4976462,1020,1003.90625,1.592164917,,,
1102,317.2477898,982,1145.40625,134.3397273,,,
1103,316.9643812,956,1031.75,1.965169364,,,
1104,316.4742616,961,1008.25,100.0352198,,,
1105,314.9178297,950,967.0625,34.40475659,,,
1106,315.2387758,1017,982.4375,2.580592565,,,
1107,315.0514435,1007,1025,64.11429773,,,
1108,315.403646,989,1087.96875,72.28127405,,,
1109,309.6585735,1046,1079.84375,65.20270091,,,
1110,313.4343372,1013,1058.3125,68.10320955,,,
1111,310.5475293,992,1080.21875,57.62406064,,,
1112,313.0543524,1006,1022.875,2.326971172,,,
1113,312.4663674,975,977.875,56.56243994,,,
1114,314.8025891,986,995.875,2.242758789,,,
1115,316.426806,961,1017.65625,2.298984708,,,
1116,312.8920108,992,995.9375,24.93566157,,,
1117,310.8345858,1024,1029.34375,13.3311711,,,
1118,310.2385214,1015,1029.09375,2.592391687,,,
1119,312.7572798,984,1013.4375,55.60097503,,,
1120,313.6144197,994,985.53125,47.18527067,,,
1121,314.7423469,987,1012.875,3.485912836,,,
1122,312.0315938,1009,1067.1875,40.04700849,,,
1123,305.893555,1083,1021.9375,31.86746838,,,
1124,310.3454132,1012,1080.125,70.4039957,,,
1125,311.8093558,992,1043.46875,2.826059283,,,
1126,311.5608685,973,1036.5,33.20820914,,,
1127,311.5713495,989,987.875,53.10797663,,,
1128,308.8140575,1018,1011.34375,22.04783693,,,
1129,309.2318336,1009,1086.34375,86.67613006,,,
1130,308.5102485,1002,1026.09375,65.3199939,,,
1131,305.9284428,1081,1030,2.762763608,,,
1132,311.411696,995,1071.59375,4.865330675,,,
1133,312.8163686,988,1012.09375,2.956891633,,,
1134,309.2107386,1028,1008.53125,16.11050327,,,
1135,313.6083822,971,1016.40625,2.263349594,,,
1136,315.0577686,993,1006.78125,2.239611043,,,
1137,314.1841288,1007,1020.40625,51.94893274,,,
1138,316.2147336,968,1040.34375,22.18697408,,,
1139,314.1648262,977,1024.15625,39.22800965,,,
1140,315.8611074,970,1023.96875,46.31827175,,,
1141,315.9621811,957,986.5625,41.52303642,,,
1142,314.2064562,1023,997.75,2.452503607,,,
1143,316.1901357,995,1016,4.276861009,,,
1144,312.9084495,1050,1003.46875,55.9170344,,,
1145,312.6669988,1077,1068.9375,66.30739323,,,
1146,314.5719966,1025,1106.9375,70.76254426,,,
1147,313.7642254,1003,1009.625,32.10702155,,,
1148,315.7899482,1014,1037.3125,2.620133466,,,
1149,313.856344,1049,1070.3125,68.38126062,,,
1150,312.7522257,1021,1076.03125,21.43326494,,,
1151,314.6232186,1021,1048.03125,1.968884026,,,
1152,313.1457963,1004,1033.34375,2.732764822,,,
1153,315.0854954,971,1039.34375,27.65745057,,,
1154,311.7899163,1001,997.4375,32.76245371,,,
1155,316.9401102,984,1007.71875,2.55326857,,,
1156,318.7640138,989,1014.28125,2.1945214,,,
1157,317.1966425,1012,1029.96875,48.08530784,,,
1158,315.3119942,1046,1032.28125,1.911476106,,,
1159,316.7585929,1008,978.46875,49.50970995,,,
1160,315.59839,1039,1036.96875,1.888406454,,,
1161,312.3779275,1054,1004.4375,52.04234686,,,
1162,311.6669474,1022,1058.28125,6.150698,,,
1163,317.2201068,982,1052.96875,2.934850974,,,
1164,313.8205397,1051,1007,2.233657197,,,
1165,315.3991131,965,985.9375,54.50260275,,,
1166,318.9066665,946,988.6875,1.961379316,,,
1167,316.0847398,970,1031.03125,41.81779849,,,
1168,316.9719163,988,1018.34375,2.483014898,,,
1169,311.0160925,1071,1107.4375,62.03110512,,,
1170,315.2426597,1000,1057.21875,3.205438297,,,
1171,315.2419127,981,1024.5,2.191130316,,,
1172,316.2939826,955,996.1875,1.782602056,,,
1173,316.5935073,981,985.625,1.792095822,,,
1174,319.5740531,964,986.5,1.748157759,,,
1175,315.5866579,996,999.46875,37.96269596,,,
1176,316.0774826,989,1008.21875,2.139553368,,,
1177,316.7005313,957,999.40625,2.473979961,,,
1178,317.4232869,998,972.71875,2.310159869,,,
1179,316.498103,995,1029.875,1.898381977,,,
1180,317.6815619,972,990.71875,23.39324315,,,
1181,316.1994703,1008,985.40625,1.582893714,,,
1182,316.3796807,950,989.3125,42.86669983,,,
1183,316.5641375,952,976.71875,2.04533448,,,
1184,112.9785505,454,971.25,1.782022967,,,
1185,315.4337471,989,975.34375,45.27934205,,,
1186,316.1736899,983,947.0625,63.92471505,,,
1187,315.9833074,1001,965.375,53.40525953,,,
1188,315.2968139,960,960.21875,91.14185064,,,
1189,314.0884909,984,922.78125,64.75697752,,,
1190,310.4954669,1048,1001.0625,26.3252995,,,
1191,317.2844579,967,1068.125,4.34677098,,,
1192,315.9755002,1014,975.9375,30.32802422,,,
1193,315.6077456,987,993.875,31.13775654,,,
1194,316.5389436,921,1002.28125,2.574956915,,,
1195,316.891846,959,961.28125,3.525174412,,,
1196,316.4838815,1023,983.09375,8.138673885,,,
1197,315.0200018,1000,1006.09375,28.45044978,,,
1198,314.5077341,1015,989.8125,79.91393236,,,
1199,318.0028424,989,1042.90625,2.424708625,,,
1200,315.1917004,1055,1003.0625,21.47156153,,,
1201,315.0799887,1046,1029.875,4.034573117,,,
1202,315.5051168,1027,1021.5,61.29920287,,,
1203,160.6308928,594,1009.78125,45.30432423,,,
1204,314.9731525,1003,999.46875,26.13971835,,,
1205,314.0952926,969,995.0625,13.25452836,,,
1206,315.1489786,971,962.71875,57.43064681,,,
1207,311.918194,996,983.8125,45.27709981,,,
1208,312.4641761,974,986.53125,19.89665046,,,
1209,316.0891214,932,978.21875,1.739685675,,,
1210,318.2762841,959,973.34375,1.74546974,,,
1211,319.2089448,931,946.3125,36.33032139,,,
1212,317.931125,949,960.375,1.775012098,,,
1213,315.3587628,1042,936.28125,71.28723882,,,
1214,317.0827455,967,991.78125,97.94734633,,,
1215,315.7395242,966,990.15625,70.74583898,,,
1216,307.5587036,1059,1050.34375,75.23547585,,,
1217,309.4483162,1020,970.125,36.01737545,,,
1218,308.7038181,1035,963.34375,49.48573997,,,
1219,310.0102802,1006,1027.59375,2.650660417,,,
1220,317.485775,942,983.0625,1.627956818,,,
1221,317.2752091,919,967.0625,1.558799914,,,
1222,318.6215115,920,958.09375,10.16190078,,,
1223,316.5972786,937,962.375,66.31451696,,,
1224,311.751813,967,989.53125,48.69173514,,,
1225,316.020913,940,978.65625,2.463289709,,,
1226,314.7346407,950,944.75,52.47690689,,,
1227,316.2743091,955,975.4375,2.11140758,,,
1228,316.5225994,933,948.46875,38.99178839,,,
1229,314.8321857,952,942,9.353199394,,,
1230,314.4757457,959,948.4375,30.28495572,,,
1231,315.418528,931,946.65625,56.11673176,,,
1232,316.1490961,941,929.46875,37.47425911,,,
1233,316.3836334,957,963.125,1.568080949,,,
1234,314.5753927,1004,979.5625,1.061470231,,,
1235,314.7574901,989,944.3125,50.11104049,,,
1236,315.1122976,992,969.15625,46.49265699,,,
1237,317.6837528,933,1002.5,1.883518066,,,
1238,318.7628536,984,981,1.154962158,,,
1239,320.0933395,936,973.40625,2.114458457,,,
1240,316.7778627,976,960.78125,1.59826803,,,
1241,318.8501406,978,948.3125,1.206465559,,,
1242,319.8975518,959,967.9375,70.90366439,,,
1243,313.773568,1025,940.9375,71.70246548,,,
1244,319.2652673,951,990.375,2.737406249,,,
1245,319.844083,909,922.1875,78.97701126,,,
1246,315.9057516,956,975.59375,69.47218875,,,
1247,316.0304537,937,974.65625,65.3754582,,,
1248,315.2420961,944,999.15625,60.19228629,,,
1249,315.3213839,936,941.4375,37.28161821,,,
1250,315.9900891,926,933.71875,50.11582121,,,
1251,316.3209992,976,952.90625,1.471902511,,,
1252,318.8165846,945,983.75,1.761127518,,,
1253,318.2315198,926,1019.78125,87.73545976,,,
1254,314.9804636,949,940.46875,25.1956496,,,
1255,315.0181285,968,959.03125,8.140270328,,,
1256,318.1927102,992,961.78125,1.795891879,,,
1257,313.8925558,994,874.28125,102.0831811,,,
1258,314.8611162,1007,947.875,65.62143667,,,
1259,316.9831844,969,972.0625,57.01349971,,,
1260,315.0717089,952,985.8125,30.16573319,,,
1261,314.4994589,1036,979.53125,1.885628963,,,
1262,314.7965123,1025,983.03125,40.66409554,,,
1263,316.855671,1000,1034.34375,2.848642178,,,
1264,314.9025157,1016,1019.15625,4.051446463,,,
1265,315.8190294,978,963.46875,65.61656592,,,
1266,316.8527846,982,1003.40625,1.334773506,,,
1267,315.6201033,994,1023.375,1.876155825,,,
1268,315.4581304,986,987.90625,44.59161288,,,
1269,312.076074,1089,1018.8125,1.431829489,,,
1270,311.6778154,1038,1080.5625,31.00027115,,,
1271,314.3378081,1036,968.875,78.16893892,,,
1272,312.417391,1031,1024.5,53.63275538,,,
1273,313.6346118,995,1047.84375,1.962648105,,,
1274,312.8342238,1043,1021.5625,1.814534655,,,
1275,313.6944956,987,1069.8125,2.747869084,,,
1276,316.047693,985,996.59375,1.413047708,,,
1277,315.4735698,970,1002.46875,1.646818403,,,
1278,317.4180014,942,977.71875,1.017317167,,,
1279,317.4756821,954,960.21875,1.197504317,,,
1280,316.9815993,953,975.09375,1.379718559,,,
1281,317.7977052,981,966,1.67650543,,,
1282,318.1031233,932,993.15625,2.765718916,,,
1283,316.8275856,960,955.5625,1.989065267,,,
1284,318.047719,951,944.96875,1.415155833,,,
1285,316.1964567,966,939.4375,62.59032515,,,
1286,317.3611318,924,997.96875,2.100443907,,,
1287,317.2342571,910,932.90625,35.87591601,,,
1288,318.6723056,920,940.375,1.737433675,,,
1289,318.5761738,916,936.5625,1.315391348,,,
1290,318.9314769,901,948.90625,20.15093691,,,
1291,317.5281774,915,954.4375,10.42140914,,,
1292,319.4494979,930,944.625,1.407024757,,,
1293,318.6153662,926,917.84375,77.07058853,,,
1294,318.6613441,918,934.875,19.50389865,,,
1295,316.6633741,918,935.9375,50.02905327,,,
1296,310.326727,1130,936.40625,1.585903461,,,
1297,315.8220659,949,1096.125,4.614972537,,,
1298,316.0008839,945,984.5,2.733623745,,,
1299,316.6744093,923,944.71875,34.8859418,,,
1300,317.8027899,954,959.5,1.340842486,,,
1301,314.9275655,993,976.53125,21.83086549,,,
1302,314.2014759,982,976.5625,15.78817489,,,
1303,316.7366852,928,965.84375,23.84546072,,,
1304,317.9735311,954,961.90625,1.655923535,,,
1305,316.3627971,988,977.15625,1.775154353,,,
1306,318.9217237,934,1001.15625,2.191642043,,,
1307,316.0182217,944,985.8125,76.47409962,,,
1308,317.2448257,946,957.5,1.246410153,,,
1309,252.3599056,811,971.40625,1.479544475,,,
1310,316.5373495,989,968.3125,15.0305363,,,
1311,318.5061689,969,1004.15625,1.883500798,,,
1312,317.4316327,975,1003,24.4869244,,,
1313,315.655981,974,972,38.55314189,,,
1314,317.3848836,987,990.125,1.295371491,,,
1315,316.8068916,1001,987.59375,33.28311067,,,
1316,314.304711,1018,1015.34375,67.4075945,,,
1317,316.6092569,964,1027.84375,1.968374661,,,
1318,317.993698,970,985.46875,1.362448896,,,
1319,316.4640838,936,980.625,36.583546,,,
1320,319.4896171,926,967.53125,1.875309587,,,
1321,317.2787226,930,952.1875,21.75586754,,,
1322,315.16259,954,941.65625,22.52033955,,,
1323,313.9720771,952,943.53125,79.91267086,,,
1324,315.6035085,915,969.84375,1.606836103,,,
1325,316.5597474,958,934.84375,13.08180122,,,
1326,313.4158851,995,978.03125,4.671749273,,,
1327,315.4114504,958,1015.3125,2.125658993,,,
1328,317.9958937,1004,975.125,1.464973059,,,
1329,125.9241951,445,1053.125,2.90755906,,,
1330,313.5169732,955,972.15625,18.34561412,,,
1331,315.2027667,975,978.96875,1.909726025,,,
1332,315.7150081,965,942.9375,51.53914185,,,
1333,318.4684736,978,977.40625,1.994418881,,,
1334,317.7360432,946,954.75,98.57077809,,,
1335,319.0538434,939,994.4375,40.31737124,,,
1336,317.448031,981,978.21875,1.854090249,,,
1337,318.1716046,947,995.65625,5.282322966,,,
1338,316.3877492,977,954.125,46.7276652,,,
1339,315.8278901,1003,1022.25,67.5672697,,,
1340,315.7534185,959,991.5625,54.92796063,,,
1341,316.0867399,945,984.75,0.988198448,,,
1342,318.3698004,934,979.0625,1.392956701,,,
1343,317.002505,964,985,1.142006003,,,
1344,314.6926437,1004,981.4375,32.10975034,,,
1345,316.5223838,995,958.9375,56.63734041,,,
1346,316.1773206,1027,1006.34375,1.422863758,,,
1347,315.5529278,942,1032.5,2.049018809,,,
1348,92.65052527,397,995,61.7171766,,,
1349,316.6198342,966,1007.6875,2.044223236,,,
1350,317.443448,938,1000.8125,1.747043856,,,
1351,319.7657481,959,960.3125,1.577805445,,,
1352,317.8574915,948,1027.84375,2.726224259,,,
1353,315.3674005,962,958.8125,38.15500752,,,
1354,318.3036592,952,958.8125,1.436455174,,,
1355,317.9760529,1027,994.1875,1.379030236,,,
1356,319.1816312,967,1107.84375,83.70219159,,,
1357,317.6933044,964,983.71875,34.52565901,,,
1358,317.3121144,963,982.1875,16.47843946,,,
1359,317.9746022,993,989.40625,1.489414966,,,
1360,317.3633302,955,1005.5,1.84154939,,,
1361,319.185151,942,996.65625,1.192449289,,,
1362,318.253019,969,999.71875,1.30379897,,,
1363,316.8755194,978,988.90625,5.75279847,,,
1364,317.9095861,959,1001.40625,1.735086112,,,
1365,317.5875258,931,955,53.4143545,,,
1366,318.4796867,973,953.53125,1.334841457,,,
1367,319.2050003,972,1005.1875,1.652247302,,,
1368,318.5400741,994,1024.8125,69.19245929,,,
1369,320.0247866,950,1003.9375,54.16030437,,,
1370,320.0896821,945,991.09375,1.458485646,,,
1371,321.6921228,948,968.21875,1.383496953,,,
1372,320.9819742,962,989.71875,12.77843176,,,
1373,314.9039744,1025,1045.28125,107.3633244,,,
1374,317.5864355,1019,1021.8125,2.231291955,,,
1375,317.3902838,991,1021.0625,2.169493258,,,
1376,316.0634132,1012,1080.9375,105.2615528,,,
1377,317.4106534,999,1027.28125,1.867277137,,,
1378,313.6840817,1057,1087.25,90.45816318,,,
1379,312.7653997,1084,1047.84375,46.98975202,,,
1380,314.8536915,982,1112.125,9.27246817,,,
1381,316.2556224,962,1015.71875,1.537774096,,,
1382,318.6677186,968,994.9375,1.404745469,,,
1383,316.8520597,975,1000.78125,1.261714375,,,
1384,318.4110959,945,980.625,1.487461441,,,
1385,317.705045,975,977.21875,1.127757381,,,
1386,318.3151179,988,983.28125,1.367879542,,,
1387,318.4353476,985,981.8125,1.533150086,,,
1388,319.1570055,941,1024,3.017903973,,,
1389,319.8541836,970,959.5625,1.725283062,,,
1390,317.214009,938,1050.8125,46.633266,,,
1391,319.856156,936,970.875,2.093508604,,,
1392,319.1723704,953,1025.46875,84.33167439,,,
1393,318.5559968,944,997.65625,61.32322233,,,
1394,317.1228816,980,941.53125,50.04179361,,,
1395,316.3430695,969,988.25,34.83179352,,,
1396,318.6197045,949,1000.75,1.720866285,,,
1397,313.98458,1065,985.65625,1.646844109,,,
1398,314.4799821,1028,976.125,49.97479964,,,
1399,313.3453843,1009,1010,41.97173649,,,
1400,315.3132544,974,1023.34375,2.875121218,,,
1401,315.8380025,987,962.53125,19.26293407,,,
1402,316.9392667,995,1008.25,2.314928337,,,
1403,316.7160944,962,958.28125,48.65818161,,,
1404,313.5452892,983,1061.90625,133.1637232,,,
1405,315.2792521,964,993.875,1.761894575,,,
1406,318.3056745,919,966.3125,1.952655978,,,
1407,318.0859744,935,1029.21875,84.87083245,,,
1408,318.9876595,975,961.46875,1.68634711,,,
1409,316.3489547,1009,1189,163.4849809,,,
1410,316.2211067,985,995.375,56.92518084,,,
1411,316.7149569,956,1020.84375,83.528334,,,
1412,317.4216855,956,958.3125,55.62152179,,,
1413,314.4080267,982,991.21875,62.38936777,,,
1414,315.0232649,978,985.09375,40.08184573,,,
1415,313.6676125,997,984.5625,41.63744147,,,
1416,317.7809855,943,999.0625,1.812805205,,,
1417,318.0102153,961,992.21875,2.517946709,,,
1418,317.5875315,953,984.125,1.42096176,,,
1419,316.1128542,954,992.125,1.993772308,,,
1420,317.3260818,941,986.34375,1.537616518,,,
1421,318.9836254,964,971.28125,2.002772278,,,
1422,318.1130961,957,1120.96875,94.02129712,,,
1423,320.1110887,908,995.90625,2.673950423,,,
1424,315.9916246,1117,950.25,1.678447617,,,
1425,314.7278531,1118,1191.65625,121.8267105,,,
1426,313.3445451,1132,1114.90625,25.79086648,,,
1427,318.7447916,1023,1176.5625,60.32996847,,,
1428,318.494708,1000,1057.5,2.298544393,,,
1429,318.0361701,940,1027.9375,2.231105013,,,
1430,318.8222497,975,973.03125,1.33638325,,,
1431,316.1648771,1022,1000.15625,24.0453737,,,
1432,315.4888282,1034,1065.9375,16.86138815,,,
1433,309.5516765,1110,1042.4375,26.3745829,,,
1434,314.3384368,1032,1055.1875,56.12054468,,,
1435,312.3883269,1057,1112.5,45.36491268,,,
1436,316.2396762,1025,1058.875,1.422072675,,,
1437,314.3331668,1079,1035.03125,1.472469933,,,
1438,318.5816945,1007,1034.21875,1.907287336,,,
1439,317.7514889,989,1015.25,35.32706835,,,
1440,319.5553053,977,1016.71875,1.247090177,,,
1441,318.2268529,979,1070.375,3.58979157,,,
1442,317.9028998,1008,1014.5,1.471953033,,,
1443,319.6744929,967,1007.40625,1.939117925,,,
1444,317.0698651,978,986.21875,17.03699802,,,
1445,317.5135438,975,994.25,1.872647389,,,
1446,320.0134707,919,987.96875,1.424103884,,,
1447,316.0637413,1005,954.25,1.679083126,,,
1448,270.4008676,1006,968.5625,1.174498117,,,
1449,316.5931676,1023,936.1875,62.78048861,,,
1450,317.5948985,988,1074.53125,111.3407479,,,
1451,316.2415413,1041,982.59375,63.77201555,,,
1452,315.9828608,986,1063.9375,71.73056581,,,
1453,318.9763202,959,1010.5,2.452107403,,,
1454,319.2651997,976,978.78125,2.178633603,,,
1455,317.501683,961,1012.59375,76.56623279,,,
1456,317.2081072,954,940.59375,51.6547566,,,
1457,316.2892903,970,958.125,38.51196191,,,
1458,316.3169271,948,996.375,1.636663554,,,
1459,316.9838248,969,972.90625,2.048981995,,,
1460,318.3279131,974,935.09375,70.28102038,,,
1461,317.531513,980,1019.3125,2.540417677,,,
1462,314.7105201,984,983.78125,22.52431584,,,
1463,315.6572457,981,981.84375,1.202147057,,,
1464,316.3853853,981,998.78125,1.887306217,,,
1465,316.3516891,1012,1005.375,1.92432293,,,
1466,317.5798345,991,990.8125,56.12221972,,,
1467,312.7718105,1076,1001.84375,52.36097099,,,
1468,176.3921544,663,1135.21875,68.41348904,,,
1469,311.1730533,1076,1030.40625,55.98157013,,,
1470,311.5982421,1082,1038.25,52.50345055,,,
1471,312.6106704,1036,1068.34375,58.97454263,,,
1472,314.0012796,1011,1040.28125,46.74426546,,,
1473,313.8829773,1017,1048.5,2.034303009,,,
1474,312.3924274,1015,1016.46875,15.66947517,,,
1475,314.9622139,1010,1031.78125,2.242741099,,,
1476,314.6020121,1011,1044.40625,41.48526973,,,
1477,314.8825883,1003,1022.71875,1.17880479,,,
1478,316.7891153,1000,1019.3125,1.690491577,,,
1479,314.3891005,1024,1029.59375,47.58206399,,,
1480,316.4476565,949,1004.5625,31.86133255,,,
1481,315.720765,962,968.375,44.11378253,,,
1482,315.7563231,975,997.09375,1.361922976,,,
1483,313.7483417,990,1004.1875,11.94563381,,,
1484,314.6207556,984,1005.96875,1.570638029,,,
1485,315.7962531,958,1019.34375,1.797505068,,,
1486,315.6681294,972,989.375,1.775855538,,,
1487,316.3226271,977,990.34375,28.94020363,,,
1488,309.964781,1073,1030.125,51.52826997,,,
1489,315.7584394,979,1022.21875,52.8427149,,,
1490,313.9551715,998,972.1875,41.74226146,,,
1491,316.9648656,931,1001.40625,1.979977283,,,
1492,315.6948291,993,970.40625,1.676766748,,,
1493,316.8013477,950,983.5625,1.578581233,,,
1494,317.6925555,979,955.28125,1.881764383,,,
1495,316.0284902,996,979.625,34.65700984,,,
1496,316.7359658,987,968.40625,48.04659458,,,
1497,314.2582149,1042,956.3125,77.31178069,,,
1498,214.1973452,857,1039.28125,2.836534743,,,
1499,318.6557336,963,947.75,51.53238377,,,
1500,318.3334745,966,954.4375,44.41419735,,,
