Episode,Reward,Steps,,,
1,0.992445732,98,,,
2,-84.75083247,1600,,,
3,-85.26552328,1600,,,
4,-10.75387127,59,,,
5,-85.58195538,1600,,,
6,-33.83853508,255,,,
7,-4.737521151,81,,,
8,-17.47319046,61,,,
9,-13.56229335,71,,,
10,-5.437627801,44,,,
11,-80.0555073,1600,,,
12,-1.74222981,60,,,
13,-10.92169616,44,,,
14,-21.91300446,80,,,
15,-12.60339451,56,,,
16,-3.79942305,73,,,
17,-4.243265682,85,,,
18,-17.44649979,78,,,
19,-79.378601,1600,,,
20,-79.98453138,1600,,,
21,-79.94223415,1600,,,
22,-86.12684022,1600,,,
23,-1.340621998,62,,,
24,-80.74907266,1600,,,
25,-92.44999796,1600,,,
26,-81.72743996,1600,,,
27,-8.666588253,68,,,
28,-21.42432568,77,,,
29,-15.53135962,69,,,
30,-2.804470522,53,,,
31,-85.14135776,1600,,,
32,-3.414581811,76,,,
33,-3.807888699,72,,,
34,-20.35222364,89,,,
35,-17.22114983,63,,,
36,-9.542446158,49,,,
37,-1.478185117,65,,,
38,-80.29869556,1600,,,
39,-83.2112832,1600,,,
40,-5.805068802,67,,,
41,-81.69249903,1600,,,
42,-88.95147943,1600,,,
43,-88.87212012,1600,,,
44,-80.62306229,1600,,,
45,-3.848951394,52,,,
46,-14.74711825,55,,,
47,-91.73249891,1600,,,
48,-2.126107072,54,,,
49,-12.18406331,70,,,
50,-13.87586373,80,,,
51,-13.26404949,71,,,
52,-12.58392339,71,,,
53,-12.94072598,56,,,
54,-86.5334222,1600,,,
55,-83.16127063,1600,,,
56,-19.57680086,93,,,
57,-93.33703415,1600,,,
58,-83.30445813,1600,,,
59,-3.695590988,83,,,
60,-2.254065516,93,,,
61,-13.76768076,60,,,
62,-7.635052485,44,,,
63,-20.26552197,97,,,
64,-82.52209205,1600,,,
65,-79.7475975,1600,,,
66,-7.666180848,79,,,
67,-7.628378516,55,,,
68,-89.09766653,1600,,,
69,-5.998039041,50,,,
70,-78.12898661,1600,,,
71,-2.918202007,95,,,
72,-19.50378306,66,,,
73,-5.348366751,102,,,
74,-21.93321476,115,,,
75,-94.78054164,1600,,,
76,-36.87447611,125,,,
77,-86.49273963,1600,,,
78,-78.24027189,1600,,,
79,-78.6085101,1600,,,
80,-78.393205,1600,,,
81,-30.90924701,120,,,
82,-3.3475177,99,,,
83,-1.718583784,71,,,
84,-2.518076265,111,,,
85,-6.111606896,112,,,
86,-1.725719254,76,,,
87,-0.417572188,94,,,
88,-89.97351545,1600,,,
89,-79.93389472,1600,,,
90,-1.84855692,73,,,
91,-86.08660589,1600,,,
92,-32.65013904,287,,,
93,-12.29433311,55,,,
94,-15.94571717,73,,,
95,-6.99918695,74,,,
96,-83.74567412,1600,,,
97,-83.14025973,1600,,,
98,-20.28044682,87,,,
99,-3.586052389,102,,,
100,-6.81167694,70,,,
101,-17.62975262,87,,,
102,-0.638403213,75,,,
103,-83.73409715,1600,,,
104,-79.84273746,1600,,,
105,-20.01848989,72,,,
106,-91.93446264,1600,,,
107,-7.128917298,68,,,
108,-75.98925992,1600,,,
109,-0.203791693,81,,,
110,-3.005241136,61,,,
111,-4.298322135,106,,,
112,-17.04122786,82,,,
113,-6.40157608,63,,,
114,-4.795155406,99,,,
115,-5.06147587,87,,,
116,-14.30586238,46,,,
117,-6.865362155,86,,,
118,-15.77233708,84,,,
119,-76.37453323,1600,,,
120,-8.282976667,94,,,
121,-84.3283363,1600,,,
122,-19.45093769,90,,,
123,-85.94167414,1600,,,
124,-78.55371237,1600,,,
125,-14.85070063,66,,,
126,-76.60495815,1600,,,
127,-80.62380518,1600,,,
128,-19.87391907,73,,,
129,0.583696739,72,,,
130,-22.18942082,117,,,
131,-14.59121941,84,,,
132,-89.30541171,1600,,,
133,0.001228838,80,,,
134,-91.34007539,1600,,,
135,-86.33322097,1600,,,
136,-0.807177204,109,,,
137,-26.34315655,93,,,
138,-84.90824626,1600,,,
139,-87.96947307,1600,,,
140,-7.47732802,60,,,
141,-5.625338881,108,,,
142,-14.87993209,99,,,
143,-87.38212909,1600,,,
144,0.895721069,95,,,
145,-5.496925719,97,,,
146,-4.509050592,123,,,
147,0.836293413,79,,,
148,-0.962258457,66,,,
149,-9.127726009,104,,,
150,-14.55893341,57,,,
151,-4.755702466,87,,,
152,-7.458961264,68,,,
153,-5.381323706,57,,,
154,-0.244315718,72,,,
155,-86.83317445,1600,,,
156,-10.24470862,44,,,
157,-19.40585161,93,,,
158,-9.397953296,46,,,
159,-14.95201256,73,,,
160,-14.97026906,61,,,
161,-15.20895687,55,,,
162,-11.32157214,61,,,
163,-18.69826413,93,,,
164,-82.08780038,1600,,,
165,-71.82638857,1600,,,
166,-0.927684946,68,,,
167,-14.71719116,70,,,
168,-2.182370675,76,,,
169,-85.4439822,1600,,,
170,-71.31055582,1600,,,
171,-13.6804604,56,,,
172,-13.91333889,60,,,
173,-73.74877857,1600,,,
174,-3.38631343,66,,,
175,-20.25730542,96,,,
176,-84.9149338,1600,,,
177,-84.70199587,1600,,,
178,-6.817065978,71,,,
179,-83.63089427,1600,,,
180,-0.836694814,71,,,
181,-83.99442211,1600,,,
182,-21.12508007,156,,,
183,-20.90551374,69,,,
184,-14.16783618,58,,,
185,-15.82389411,70,,,
186,-4.256580273,98,,,
187,-89.61149449,1600,,,
188,-78.74401185,1600,,,
189,-1.810020633,73,,,
190,-2.132703883,107,,,
191,-2.294126384,82,,,
192,-95.15563956,1600,,,
193,-80.52680409,1600,,,
194,-17.99205692,63,,,
195,1.354016321,65,,,
196,-0.674732228,64,,,
197,-84.16481691,1600,,,
198,-14.09989321,74,,,
199,-5.551787505,69,,,
200,-8.983344245,43,,,
201,-90.38780141,1600,,,
202,-9.485850215,49,,,
203,-2.200678603,70,,,
204,-1.194343412,153,,,
205,-76.63432872,1600,,,
206,-91.04317435,1600,,,
207,0.251692334,81,,,
208,-0.977353876,68,,,
209,-85.56674251,1600,,,
210,0.961592432,128,,,
211,-3.124101293,77,,,
212,-76.0849918,1600,,,
213,-95.66295252,1600,,,
214,-82.27067867,1600,,,
215,-83.46494052,1600,,,
216,-14.81410732,83,,,
217,-12.33941008,44,,,
218,-3.53769,120,,,
219,-12.9643012,79,,,
220,-87.70734121,1600,,,
221,-2.745218591,89,,,
222,-79.04354981,1600,,,
223,-92.48442666,1600,,,
224,-19.61092926,88,,,
225,-81.50812951,1600,,,
226,-3.77503563,60,,,
227,-79.99296153,1600,,,
228,-20.08475965,76,,,
229,-0.004538602,104,,,
230,1.348973197,103,,,
231,-14.81379527,66,,,
232,-88.15792539,1600,,,
233,-0.711811657,89,,,
234,-2.200823212,80,,,
235,-2.95537262,75,,,
236,-1.398403025,51,,,
237,-94.00665241,1600,,,
238,-3.919915642,71,,,
239,-16.46007017,72,,,
240,-11.73254143,55,,,
241,-4.746604489,122,,,
242,-94.17190803,1600,,,
243,-77.18516773,1600,,,
244,-7.490083986,67,,,
245,-6.546151167,53,,,
246,-81.27137245,1600,,,
247,-2.066012014,47,,,
248,-6.190064232,98,,,
249,-0.855253857,66,,,
250,-0.484286461,70,,,
251,-14.36524865,65,,,
252,-5.315437303,84,,,
253,-0.875046927,83,,,
254,-12.05774305,61,,,
255,-15.28877267,80,,,
256,-9.584374837,45,,,
257,-82.40518773,1600,,,
258,4.108490715,103,,,
259,-22.75134323,77,,,
260,-3.587264692,85,,,
261,-1.557112936,72,,,
262,-18.44904625,165,,,
263,-89.30270202,1600,,,
264,-7.281914391,86,,,
265,-87.05191014,1600,,,
266,-1.984340961,80,,,
267,-79.3037573,1600,,,
268,-78.45384696,1600,,,
269,-0.493423469,109,,,
270,-10.15150286,53,,,
271,-12.63953803,59,,,
272,-19.15285414,92,,,
273,-12.88726517,58,,,
274,-18.44679947,80,,,
275,-92.02047465,1600,,,
276,-89.63856205,1600,,,
277,-76.73347577,1600,,,
278,-10.28256008,43,,,
279,-0.16673892,70,,,
280,-0.406344782,83,,,
281,-19.37035881,87,,,
282,-82.97457935,1600,,,
283,-27.71681384,270,,,
284,-79.97154863,1600,,,
285,-95.65199866,1348,,,
286,-0.387090088,62,,,
287,-88.52005236,1600,,,
288,0.103170674,76,,,
289,-5.469593134,67,,,
290,-86.64639171,1600,,,
291,-16.25173187,66,,,
292,-12.87607091,58,,,
293,-14.33018318,59,,,
294,-87.72608217,1600,,,
295,-82.02627799,1600,,,
296,0.651801587,87,,,
297,-1.768669491,123,,,
298,-2.596755007,127,,,
299,-3.666241499,64,,,
300,-6.412789776,194,,,
301,-91.86281755,1600,,,
302,-78.95584666,1600,,,
303,-70.52132194,1600,,,
304,0.056479698,66,,,
305,-77.45394381,1600,,,
306,-18.4975979,69,,,
307,-79.06144908,1600,,,
308,-81.41540814,1600,,,
309,-86.17869856,1600,,,
310,-21.99779121,137,,,
311,-86.81127581,1600,,,
312,-10.98631383,46,,,
313,-3.135632294,67,,,
314,-2.350146046,66,,,
315,-1.75285062,78,,,
316,-79.87207185,1600,,,
317,-13.02625539,59,,,
318,-81.87042836,1600,,,
319,-1.243580067,79,,,
320,-18.55097848,106,,,
321,-73.69554859,1600,,,
322,-81.70399909,1600,,,
323,-5.051977468,63,,,
324,-29.65272072,142,,,
325,-92.52137227,1600,,,
326,-6.666361001,54,,,
327,-85.9979939,1600,,,
328,-8.488279821,71,,,
329,-10.8713631,70,,,
330,-1.858806808,75,,,
331,0.681029834,73,,,
332,-0.770196823,65,,,
333,-1.711758138,93,,,
334,-2.785386792,88,,,
335,-86.68147064,1600,,,
336,-4.348832744,71,,,
337,-9.657588145,130,,,
338,-8.94295996,68,,,
339,-87.52509464,1600,,,
340,-86.51412436,1600,,,
341,-85.41588001,1600,,,
342,-4.263291851,71,,,
343,-14.81227345,53,,,
344,-19.05777431,83,,,
345,0.420001594,77,,,
346,-9.241114618,44,,,
347,-85.31123134,1600,,,
348,-1.529983247,87,,,
349,-93.4523167,1600,,,
350,-13.33868497,59,,,
351,-16.77251872,69,,,
352,-2.777794943,89,,,
353,-18.22772409,55,,,
354,-81.3824713,1600,,,
355,-2.006820597,65,,,
356,-88.90081715,1600,,,
357,-12.82556084,56,,,
358,-2.271419211,107,,,
359,-83.57882361,1600,,,
360,-78.95856465,1600,,,
361,-87.59669648,1600,,,
362,-79.78377063,1600,,,
363,-76.00728416,1600,,,
364,-2.833973558,62,,,
365,-81.26967259,1600,,,
366,0.801865563,90,,,
367,-79.81203797,1600,,,
368,-14.43114068,72,,,
369,-97.23076504,1600,,,
370,-6.505120539,54,,,
371,-83.05660956,1600,,,
372,-3.845565424,64,,,
373,-0.833747414,77,,,
374,-1.294345607,79,,,
375,0.734339317,99,,,
376,-16.8002637,82,,,
377,-83.67909099,1600,,,
378,-77.4015324,1600,,,
379,-7.490916971,55,,,
380,-10.71199715,46,,,
381,-90.66704217,1600,,,
382,-86.74143831,1600,,,
383,-2.248413516,91,,,
384,-79.59943917,1600,,,
385,-81.75497403,1600,,,
386,-88.63933296,1600,,,
387,-70.75305572,1600,,,
388,-18.50513942,102,,,
389,-86.7034002,1600,,,
390,-2.929400162,154,,,
391,-3.844270404,67,,,
392,-15.34330471,63,,,
393,-90.89474868,1600,,,
394,-12.86028418,62,,,
395,-5.255144958,59,,,
396,-5.312507393,40,,,
397,-79.78522497,1600,,,
398,-2.105701512,127,,,
399,-24.61892532,98,,,
400,-79.70887351,1600,,,
401,-77.00112845,1600,,,
402,-65.77005578,823,,,
403,-7.330469401,63,,,
404,-90.18448322,1600,,,
405,-85.80475977,1600,,,
406,-5.054889979,82,,,
407,-6.720475876,94,,,
408,-9.667162231,65,,,
409,-79.25477153,1600,,,
410,-81.19658441,1600,,,
411,-2.016785309,94,,,
412,-8.061394212,63,,,
413,-85.43802604,1600,,,
414,-7.096370403,111,,,
415,-16.52478253,61,,,
416,-78.34756929,1600,,,
417,-7.246422276,98,,,
418,-82.16559745,1600,,,
419,-0.19026899,135,,,
420,-12.85465111,55,,,
421,-13.88458464,49,,,
422,1.579174411,100,,,
423,-16.12357922,66,,,
424,-17.34173131,94,,,
425,-2.327283044,96,,,
426,-2.647716977,118,,,
427,-6.897125239,58,,,
428,-80.28109546,1600,,,
429,-16.37650092,66,,,
430,-81.4730395,1600,,,
431,-10.42065351,56,,,
432,-7.200817788,55,,,
433,-13.12559496,57,,,
434,-5.153993132,86,,,
435,-88.27525458,1600,,,
436,-95.8408077,1600,,,
437,-14.71964359,65,,,
438,-1.579315397,73,,,
439,-12.3543665,52,,,
440,-75.59478737,1600,,,
441,-78.22586382,1600,,,
442,-72.22819566,1600,,,
443,-3.177861096,68,,,
444,-2.323457314,63,,,
445,-19.72578089,98,,,
446,-0.420432156,61,,,
447,-79.7348516,1600,,,
448,-5.017317471,88,,,
449,-11.81417797,48,,,
450,-7.337442976,129,,,
451,-72.72002838,1600,,,
452,-10.15915984,58,,,
453,-0.658852908,77,,,
454,-80.43420529,1600,,,
455,-1.778438711,79,,,
456,-90.95462971,1600,,,
457,-3.371430059,79,,,
458,-82.27300426,1600,,,
459,-17.8671303,77,,,
460,-77.96946683,1600,,,
461,-0.322134045,90,,,
462,-85.38985419,1600,,,
463,-2.558187001,79,,,
464,-2.815205924,72,,,
465,-1.378534988,64,,,
466,-23.05650442,82,,,
467,-1.919797197,71,,,
468,-89.44215175,1600,,,
469,-6.349773072,55,,,
470,-80.81541008,1600,,,
471,-90.97629204,1600,,,
472,-79.04319405,1600,,,
473,-87.80999964,1600,,,
474,-8.731514272,53,,,
475,-1.036585695,69,,,
476,-77.96385987,1600,,,
477,-16.9776796,75,,,
478,-78.69260823,1600,,,
479,-89.54980954,1600,,,
480,-81.9422776,1600,,,
481,-7.819091476,102,,,
482,-81.68625225,1600,,,
483,-77.03844557,1600,,,
484,-75.18641249,1600,,,
485,-87.94923786,1600,,,
486,-0.164456272,72,,,
487,1.127368491,78,,,
488,-0.82413498,70,,,
489,-7.432815066,73,,,
490,-4.469012635,111,,,
491,-74.42369669,1600,,,
492,-16.02105825,116,,,
493,-6.117809974,62,,,
494,2.131444659,73,,,
495,-87.13893316,1600,,,
496,-78.31170067,1600,,,
497,-0.703274824,75,,,
498,-82.30526105,1600,,,
499,-0.887532298,81,,,
500,-5.559539313,88,,,
501,-18.75223229,106,,,
502,-15.41830301,80,,,
503,0.021390485,74,,,
504,-5.20221983,77,,,
505,-1.289130013,83,,,
506,0.087999594,91,,,
507,-74.74084008,1600,,,
508,2.259141305,106,,,
509,-16.9524509,65,,,
510,-21.24375105,71,,,
511,-18.2304517,83,,,
512,-20.22152967,105,,,
513,-83.04116041,1600,,,
514,1.725467936,109,,,
515,-9.851472842,50,,,
516,-2.061590838,66,,,
517,-2.762349114,65,,,
518,-4.267411339,146,,,
519,-91.16902647,1600,,,
520,-2.171734837,63,,,
521,-2.757165652,76,,,
522,0.24703606,85,,,
523,-3.554907848,68,,,
524,-3.997266749,57,,,
525,-2.545079059,78,,,
526,-79.07163403,1600,,,
527,-82.21941827,1600,,,
528,-73.93042123,1600,,,
529,-3.733029876,74,,,
530,-0.967021561,73,,,
531,-4.429613478,44,,,
532,-0.118674817,82,,,
533,-90.43494572,1600,,,
534,-92.59752412,1600,,,
535,-71.57587982,1600,,,
536,-82.08371438,1600,,,
537,-5.487258502,80,,,
538,5.24133542,110,,,
539,-4.459185154,96,,,
540,-1.346564067,64,,,
541,1.865113787,75,,,
542,-0.33379091,84,,,
543,-3.273002653,70,,,
544,-84.9917396,1600,,,
545,-36.89679894,170,,,
546,-14.67007669,63,,,
547,-1.196788056,103,,,
548,-88.23427112,1600,,,
549,-79.31604362,1600,,,
550,-79.55594272,1600,,,
551,-26.86957511,177,,,
552,-82.37934013,1600,,,
553,-80.72103461,1600,,,
554,-72.8442092,1600,,,
555,-79.69714479,1600,,,
556,-12.69442191,103,,,
557,-4.716975081,60,,,
558,-19.49762219,76,,,
559,-81.23206616,1600,,,
560,-20.93986473,88,,,
561,-17.21815284,82,,,
562,-79.2599702,1600,,,
563,-84.30602773,1600,,,
564,-78.96320756,1600,,,
565,-4.939838798,98,,,
566,-22.72268857,100,,,
567,-12.32562254,84,,,
568,-87.62079751,1600,,,
569,-5.737069613,50,,,
570,-20.52905169,91,,,
571,-4.067763101,63,,,
572,-79.11581085,1600,,,
573,-78.95542459,1600,,,
574,1.519144911,81,,,
575,0.246693538,79,,,
576,-8.031070988,101,,,
577,-7.761417874,136,,,
578,-85.56674996,1600,,,
579,-90.69004246,1600,,,
580,-78.83707503,1600,,,
581,-9.788095476,53,,,
582,-83.85179012,1600,,,
583,-14.10639183,59,,,
584,-24.16050145,106,,,
585,-20.60068998,85,,,
586,-7.303489389,109,,,
587,-81.59805842,1600,,,
588,-3.588677168,75,,,
589,-79.93570078,1600,,,
590,-86.83613836,1600,,,
591,-5.518074271,91,,,
592,-12.37373302,55,,,
593,-16.62228382,91,,,
594,-2.466356048,101,,,
595,-15.68315379,82,,,
596,-27.84109535,73,,,
597,-78.29611186,1600,,,
598,-14.64094877,76,,,
599,-12.94660076,55,,,
600,-86.7241547,1600,,,
601,3.52464464,116,,,
602,-5.505711462,54,,,
603,-77.44709628,1600,,,
604,-3.622981743,73,,,
605,-17.0598162,72,,,
606,-1.498418266,62,,,
607,-22.34181877,76,,,
608,-85.3087267,1600,,,
609,-83.04788746,1600,,,
610,-7.898696498,68,,,
611,-78.81787703,1600,,,
612,-3.325228967,52,,,
613,-0.867834249,104,,,
614,-4.765285527,152,,,
615,-80.75071891,1600,,,
616,-14.85935077,69,,,
617,-2.921316219,58,,,
618,-4.170191566,85,,,
619,-14.9662538,65,,,
620,-18.03336899,83,,,
621,-22.82147401,68,,,
622,-95.30577315,1600,,,
623,-4.380910033,70,,,
624,-16.69838419,106,,,
625,-94.65558195,1600,,,
626,-79.30176151,1600,,,
627,-9.411012911,46,,,
628,-11.90252061,71,,,
629,-83.33269371,1600,,,
630,-1.731562037,69,,,
631,-17.320203,70,,,
632,-84.46013195,1600,,,
633,-7.796591043,58,,,
634,-78.28017494,1600,,,
635,-22.58571641,130,,,
636,-15.28325575,71,,,
637,-83.5389269,1600,,,
638,-15.20264657,69,,,
639,-87.19499826,1600,,,
640,-15.51628842,49,,,
641,-86.47065515,1600,,,
642,-0.444113823,64,,,
643,0.03716759,113,,,
644,0.484735716,118,,,
645,-9.643749626,54,,,
646,-5.202162886,54,,,
647,-81.47070036,1600,,,
648,-10.07110255,55,,,
649,2.068204173,66,,,
650,-84.99355815,1600,,,
651,-71.17203069,1600,,,
652,-90.08676842,1600,,,
653,-85.44571813,1600,,,
654,-74.02353567,1600,,,
655,-93.31951403,1600,,,
656,-15.76063326,94,,,
657,-12.17853387,61,,,
658,-0.661269863,83,,,
659,-13.15606712,61,,,
660,-2.90165038,58,,,
661,-0.675672518,108,,,
662,-2.443024402,79,,,
663,-79.33888494,1600,,,
664,-0.921995122,73,,,
665,-5.89187986,90,,,
666,-16.23683299,63,,,
667,-78.31962949,1600,,,
668,2.946322619,120,,,
669,-1.865579738,67,,,
670,-20.03225308,92,,,
671,-92.79393369,1600,,,
672,-83.90843804,1600,,,
673,-78.37050282,1600,,,
674,-3.586807525,106,,,
675,-23.52025723,88,,,
676,-78.21732479,1600,,,
677,-91.87733523,1600,,,
678,-87.37605447,1600,,,
679,-7.511930526,39,,,
680,-89.01435781,1600,,,
681,-12.1321224,57,,,
682,-4.966057255,64,,,
683,-17.45926556,73,,,
684,-88.18424785,1600,,,
685,1.463128976,98,,,
686,-13.07153559,39,,,
687,-5.924532473,60,,,
688,-4.168626376,56,,,
689,-82.57354832,1600,,,
690,-1.043579413,103,,,
691,-2.637657601,68,,,
692,-1.392764161,62,,,
693,-5.874086342,58,,,
694,-5.880222687,70,,,
695,-10.84703501,72,,,
696,-83.22212232,1600,,,
697,-4.203800831,53,,,
698,-85.78517267,1600,,,
699,-3.106473218,102,,,
700,-4.49038458,90,,,
701,-77.2428988,1600,,,
702,-75.99718916,1600,,,
703,-78.63344067,1600,,,
704,-1.190177859,89,,,
705,-74.61712624,1600,,,
706,-0.343650899,53,,,
707,0.218668582,114,,,
708,-19.84921381,86,,,
709,-3.52208641,79,,,
710,-6.443245251,79,,,
711,-2.052610552,84,,,
712,-74.1953716,1600,,,
713,-11.57939654,53,,,
714,-83.04028906,1600,,,
715,-12.77002557,55,,,
716,-89.20129317,1600,,,
717,-24.36804445,145,,,
718,0.36874222,105,,,
719,-94.73909653,1600,,,
720,-5.439899249,88,,,
721,-10.22521089,60,,,
722,-19.24086082,91,,,
723,0.071827621,78,,,
724,-17.54665261,128,,,
725,-1.938705722,86,,,
726,-7.494120841,66,,,
727,-91.12073448,1600,,,
728,-91.9340913,1600,,,
729,1.184960211,66,,,
730,-2.058717654,74,,,
731,-2.443716443,69,,,
732,-0.272623149,90,,,
733,-18.35307088,70,,,
734,-94.13129007,1600,,,
735,-75.44612039,1600,,,
736,-14.280996,81,,,
737,-1.636822879,123,,,
738,-3.51195452,78,,,
739,-49.66411182,399,,,
740,-20.50209742,59,,,
741,-6.562473251,107,,,
742,-81.10690607,1600,,,
743,-1.793746616,83,,,
744,-78.66569378,1600,,,
745,-81.98599768,1600,,,
746,-1.511676517,62,,,
747,-89.91284698,1600,,,
748,-17.12194101,73,,,
749,-1.540295469,73,,,
750,-12.6760956,49,,,
751,1.894637424,104,,,
752,-17.21649208,93,,,
753,-25.6615207,125,,,
754,-4.628629692,59,,,
755,-13.47239312,69,,,
756,-87.58535501,1600,,,
757,-83.73264743,1600,,,
758,-19.05667066,71,,,
759,0.942114198,87,,,
760,-14.35342795,86,,,
761,-22.9713628,57,,,
762,-91.86539618,1600,,,
763,0.423130509,99,,,
764,0.818258502,93,,,
765,-8.173778045,99,,,
766,-2.079872914,52,,,
767,-86.12033707,1600,,,
768,-9.738763784,50,,,
769,-2.845643099,67,,,
770,-22.30108252,105,,,
771,-5.639106622,63,,,
772,-2.56026283,97,,,
773,-0.724654823,75,,,
774,-88.26447836,1600,,,
775,3.047774128,122,,,
776,2.088873597,105,,,
777,-87.78430397,1600,,,
778,-20.80891714,114,,,
779,-9.378412224,39,,,
780,-2.572463141,61,,,
781,-7.99981967,50,,,
782,-1.76088592,99,,,
783,-82.4524725,1600,,,
784,-18.06097945,120,,,
785,-86.019321,1600,,,
786,-22.53547654,128,,,
787,-89.9360404,1600,,,
788,-83.81545489,1600,,,
789,-8.968904706,48,,,
790,-90.10343579,1600,,,
791,-12.01311201,56,,,
792,-24.41069566,175,,,
793,-3.710226398,104,,,
794,-15.07556875,56,,,
795,-84.79590119,1600,,,
796,-88.27511703,1600,,,
797,-87.35670724,1600,,,
798,-20.47050142,99,,,
799,-85.15002613,1600,,,
800,-18.84216099,74,,,
801,-0.7094964,64,,,
802,-4.098763055,86,,,
803,-79.18592369,1600,,,
804,-16.50828819,64,,,
805,-15.50472154,91,,,
806,-4.310738309,77,,,
807,-87.1315474,1600,,,
808,-6.960832636,67,,,
809,-10.07120648,62,,,
810,-83.71056386,1600,,,
811,-26.11978787,98,,,
812,-3.252854836,69,,,
813,-79.14438035,1600,,,
814,-20.4793768,110,,,
815,0.563650081,85,,,
816,-2.635491569,82,,,
817,-85.13081535,1600,,,
818,-1.437764143,99,,,
819,-82.93948562,1600,,,
820,-6.701848033,62,,,
821,-97.25926359,1600,,,
822,-83.33347117,1600,,,
823,-8.426333935,38,,,
824,-1.953074962,78,,,
825,-86.89121262,1600,,,
826,-76.79507234,1600,,,
827,-1.35224277,67,,,
828,-15.55312286,99,,,
829,-77.00545422,1600,,,
830,-2.579997373,59,,,
831,-80.6239974,1600,,,
832,0.544698534,82,,,
833,-10.93196821,56,,,
834,-1.878742158,60,,,
835,-81.58184856,1600,,,
836,-73.52910285,1600,,,
837,-10.76983211,44,,,
838,-15.33335712,73,,,
839,-81.79274863,1600,,,
840,-16.24458424,76,,,
841,-21.0623366,80,,,
842,-5.860212269,54,,,
843,-0.516331089,72,,,
844,-2.276161718,70,,,
845,-4.072539108,84,,,
846,-15.23145675,59,,,
847,-5.525339849,136,,,
848,-12.67591239,78,,,
849,-12.96159627,57,,,
850,-80.97683641,1600,,,
851,-81.39162024,1600,,,
852,-2.240924806,49,,,
853,0.192949555,87,,,
854,0.12488903,57,,,
855,-6.892739481,58,,,
856,-8.612604166,60,,,
857,-0.6833961,72,,,
858,-9.125331027,64,,,
859,-19.81728635,109,,,
860,-3.737722626,72,,,
861,-17.62461011,147,,,
862,-87.41402914,1600,,,
863,-91.20573925,1600,,,
864,-87.82099627,1600,,,
865,-0.520252023,80,,,
866,-1.108906143,96,,,
867,-17.14086876,70,,,
868,-16.50651638,89,,,
869,0.090239147,78,,,
870,-74.63648809,1600,,,
871,-0.961542148,68,,,
872,-13.92787902,63,,,
873,-91.88848731,1600,,,
874,-2.280672091,76,,,
875,-19.98018956,101,,,
876,-19.44167281,76,,,
877,-10.34362788,53,,,
878,-8.183161045,41,,,
879,-85.31602122,1600,,,
880,-15.66967514,56,,,
881,-18.80137957,76,,,
882,-87.44128081,1600,,,
883,-79.21790867,1600,,,
884,-77.88006931,1600,,,
885,-1.136391099,80,,,
886,-20.42062709,120,,,
887,-75.90916865,1600,,,
888,-3.071320963,76,,,
889,-12.54455596,65,,,
890,-82.46896758,1600,,,
891,-73.25761158,1600,,,
892,-96.38223654,1600,,,
893,-3.93115495,88,,,
894,-16.59770856,120,,,
895,1.76170977,83,,,
896,-8.120063437,41,,,
897,-7.571535658,48,,,
898,-81.90442117,1600,,,
899,-81.94210742,1600,,,
900,-82.34105105,1600,,,
901,-3.246812458,83,,,
902,-16.43280091,60,,,
903,-2.573354522,76,,,
904,-2.486530403,84,,,
905,-81.73018191,1600,,,
906,-1.877827357,66,,,
907,-12.71083655,53,,,
908,3.788257264,89,,,
909,-0.300870403,83,,,
910,-20.06822908,67,,,
911,-28.72293677,119,,,
912,0.333359168,98,,,
913,-4.856328926,93,,,
914,-88.62839603,1600,,,
915,-4.471418898,46,,,
916,-84.34009365,1600,,,
917,-6.476117188,46,,,
918,-76.36481915,1600,,,
919,-80.37543428,1600,,,
920,-4.710897138,68,,,
921,-17.26534491,56,,,
922,-21.62509357,89,,,
923,-14.36576386,54,,,
924,-2.852730331,62,,,
925,-4.318069033,110,,,
926,-5.508556154,103,,,
927,-83.99688544,1600,,,
928,-0.143265039,57,,,
929,-80.56477195,1600,,,
930,-0.278480632,69,,,
931,-85.0604555,1600,,,
932,-18.12396395,83,,,
933,-1.466927128,61,,,
934,-89.47596898,1600,,,
935,-5.678367075,81,,,
936,-11.01031188,53,,,
937,1.924990434,77,,,
938,-11.8443728,56,,,
939,-1.146875599,62,,,
940,-79.46216516,1600,,,
941,-6.600823199,163,,,
942,-1.338224438,79,,,
943,-80.3876551,1600,,,
944,2.194604526,82,,,
945,-76.08323055,1600,,,
946,-18.28626688,76,,,
947,-103.0766738,1600,,,
948,-85.51950062,1600,,,
949,-82.23871768,1600,,,
950,-85.20378499,1600,,,
951,-2.415445633,63,,,
952,-0.922849418,84,,,
953,-88.87304253,1600,,,
954,-80.42160066,1600,,,
955,-81.0064729,1600,,,
956,-83.4122006,1600,,,
957,0.077962501,69,,,
958,-12.68149796,72,,,
959,-75.99198758,1600,,,
960,-10.9408449,43,,,
961,-6.121960151,109,,,
962,-83.00377493,1600,,,
963,-2.61735334,68,,,
964,-25.08782351,192,,,
965,-75.0527761,1600,,,
966,-13.06918172,52,,,
967,-1.570098377,79,,,
968,-79.02272928,1600,,,
969,-82.73060919,1600,,,
970,-0.756174709,85,,,
971,-1.105093515,79,,,
972,-3.498789134,71,,,
973,-23.99301869,116,,,
974,-87.72613993,1600,,,
975,-84.62529503,1600,,,
976,-8.019678064,52,,,
977,1.427781159,74,,,
978,-71.388055,1600,,,
979,-84.28203271,1600,,,
980,-11.86711675,62,,,
981,-15.39652367,54,,,
982,-91.33638856,1600,,,
983,-4.033345634,69,,,
984,-0.618790875,58,,,
985,-12.02570541,58,,,
986,-82.87913635,1600,,,
987,-0.065429982,96,,,
988,-13.16245937,85,,,
989,-23.19189627,80,,,
990,-72.40615532,1600,,,
991,-5.856482271,81,,,
992,-20.52275936,76,,,
993,-20.50390485,82,,,
994,-2.22969166,63,,,
995,0.00368601,85,,,
996,-6.843587973,97,,,
997,-11.64280266,71,,,
998,-17.48708955,80,,,
999,-11.97298438,57,,,
1000,-88.18925346,1600,,,
