Episode,Reward,Episode Steps,Average Rollout Steps,Reward Std
1,-1.854570903,124,659.875,9.093212529
2,-11.28654167,77,291.3125,10.1150972
3,-1.0864863,64,140.34375,8.355774531
4,-6.443536543,76,82,8.78559168
5,-2.566472326,55,123.75,9.305467766
6,-2.091664847,51,60.71875,1.59599332
7,-4.506354286,141,55.53125,0.844888651
8,-0.929444126,63,83.21875,5.744690296
9,0.62691764,62,73.3125,1.050738967
10,-4.030685619,57,65.65625,4.827146676
11,-2.682530882,47,58.75,3.273156672
12,-0.972289524,55,48.1875,1.098855141
13,-1.66359356,60,53.25,1.029775536
14,-0.217342288,66,62.1875,1.481598318
15,0.721053938,102,66.40625,5.680942829
16,-3.033247121,50,100.9375,15.2546024
17,-1.09236634,48,54.625,1.312178486
18,-1.494985273,52,55.875,2.237123263
19,-1.412633987,56,64.4375,1.784897051
20,0.603767508,111,60.28125,1.796633172
21,0.453656848,68,141.78125,12.26118195
22,-2.781028151,49,68.09375,6.491397017
23,-1.730171843,55,73.125,8.809175273
24,0.778015443,60,72.5,1.439136491
25,0.865346244,60,69,1.665473084
26,-0.035199482,101,57.125,1.231083075
27,-1.499242881,54,57.65625,1.407388175
28,0.533907892,56,64.96875,1.002738776
29,0.630413403,60,66.375,1.186432672
30,-0.076515259,59,67.625,2.894801408
31,-1.672204615,185,224.96875,18.68424041
32,-1.858480489,55,373.03125,28.74679924
33,-1.113458682,52,60.0625,0.822994072
34,-2.04191925,85,58.53125,1.139011503
35,1.405505804,67,227.0625,15.29154229
36,0.862536222,63,67,0.781671841
37,1.395159579,82,69.5,0.708129007
38,-4.663930813,379,64.40625,0.782881954
39,0.461393159,63,260.21875,15.73123325
40,1.024790756,71,71.375,4.906767486
41,-0.568323538,63,184.15625,16.08889422
42,-1.823982988,56,67.5625,4.491145201
43,-3.772399826,54,66.15625,1.079780034
44,1.636315306,88,64.375,3.335210707
45,-2.971768827,49,120.6875,8.287791668
46,-0.245424657,77,82.21875,6.750476759
47,-1.064807483,63,88.375,8.12925689
48,-0.689613504,63,77.65625,6.951602461
49,-0.846668244,70,65.03125,1.092789068
50,1.248192056,69,63.78125,0.676626213
51,0.082523658,57,71.25,6.672526783
52,1.548738571,68,60.1875,1.795701133
53,0.82415055,58,120.6875,13.09066543
54,-2.710113315,55,58.53125,4.340073685
55,-48.30006039,1600,55.1875,1.796836137
56,-7.716564391,53,809.1875,42.57351927
57,3.537062968,134,53.15625,2.873622784
58,-2.425416218,44,202.71875,21.39990113
59,1.039707386,57,67.375,6.810360395
60,-4.413286972,60,58.875,3.80149907
61,-0.385170098,61,66.28125,4.13306381
62,-4.183344102,91,61.15625,2.401018278
63,-2.064475586,50,70.59375,6.821614301
64,-2.575547182,47,84.75,12.76093638
65,-2.086260918,70,61.875,1.987704233
66,-3.152009155,57,58.5,2.166607795
67,-1.50898163,60,58.28125,3.041354438
68,0.215560709,64,63.21875,2.604441148
69,0.156428204,65,58.28125,1.77771558
70,0.398472384,64,63.75,1.3305564
71,-2.300656307,66,63.5,1.403234846
72,1.923595851,69,64.0625,0.967811594
73,0.895067848,64,63.28125,2.708070883
74,-0.016309141,63,63.125,0.973127447
75,0.958632663,64,62,0.864377426
76,1.922757582,89,67.78125,0.60212826
77,2.058292244,66,102.40625,8.480534272
78,3.479906938,91,69.5,1.472515704
79,1.868663589,73,97.59375,5.941355766
80,6.152559821,322,84.6875,5.619615541
81,-13.24314236,319,185.28125,12.31675543
82,-2.042895062,99,123.90625,9.025137676
83,2.387398069,86,156.1875,9.747865314
84,1.780839907,63,74.96875,1.893021332
85,1.200705893,58,93.59375,2.799482041
86,-11.35245372,215,60.65625,0.961307332
87,-17.95085684,247,406.09375,21.48347126
88,2.49365457,76,186.75,14.05542264
89,2.575940847,75,83.84375,3.651937917
90,2.171682438,72,71.71875,0.955133067
91,2.588953614,118,76.21875,1.112784701
92,2.036321126,71,91.0625,8.819080075
93,-0.042079263,79,66.34375,1.331000612
94,2.233896437,66,80.09375,1.137008921
95,1.423705325,71,67.21875,0.982203842
96,2.52771456,86,69.5,1.551656094
97,4.31227349,81,94.53125,6.722205351
98,3.397692314,76,70.40625,0.766682343
99,3.292327043,74,84.625,2.477664751
100,6.030309141,97,82.3125,1.377457238
101,7.029735817,79,205.71875,10.48617057
102,8.744947848,90,81.65625,4.23568568
103,-19.03252929,151,81.8125,4.046465735
104,-18.80375867,95,447.3125,17.58981423
105,6.94078849,91,125.75,9.958794854
106,1.674995412,72,75.53125,3.876481123
107,5.151005333,88,154.96875,14.89164548
108,4.02936139,70,115.15625,9.336127442
109,4.120248655,93,62.9375,2.055622851
110,0.458467833,55,92.40625,5.342724913
111,8.389438381,101,65.59375,2.677085982
112,4.515652828,90,109,8.686339155
113,7.784608755,91,108.71875,7.895161348
114,5.597608372,99,80.75,2.731201902
115,1.244474192,69,97.1875,9.969391469
116,5.97113971,117,80.71875,2.086814958
117,6.100420558,119,183.25,13.13399445
118,7.29076908,79,78.625,1.852994476
119,5.379917038,89,76.09375,2.290701133
120,4.081403324,90,82.5,2.429495153
121,4.329645231,126,269.75,13.38538372
122,6.370253514,99,327.125,15.14033733
123,6.526613218,91,230.4375,13.66323055
124,1.517420761,242,97.53125,5.32681257
125,7.882979101,86,122.3125,10.91423047
126,2.954238221,74,81.03125,8.284921889
127,1.984193549,68,84.375,6.758843859
128,12.33279417,102,98.53125,5.141300038
129,1.639014554,153,96.96875,4.05660825
130,3.932262714,89,321.4375,18.89082359
131,8.375690401,104,97,3.233608093
132,7.872679741,123,242.1875,18.06985827
133,3.109069099,129,172.8125,13.1202297
134,8.38427113,103,193.03125,11.10739231
135,11.99831768,115,114.78125,4.0236172
136,9.905392389,107,162.125,6.374786829
137,4.069638384,86,266.4375,15.36591447
138,6.500731345,98,97.75,3.446803981
139,1.828095274,84,348.9375,20.45503724
140,-27.45577244,1600,94.21875,2.229787742
141,8.837690681,123,225.3125,15.26949843
142,7.997322779,122,142.90625,14.20500322
143,7.98801037,125,141.875,11.68794768
144,-11.1830974,369,216.90625,13.77545319
145,9.399922333,154,230.46875,10.70181196
146,9.632022237,177,161,5.934072221
147,11.62474462,151,179.21875,8.379799967
148,4.940839347,163,160.96875,8.356613366
149,6.431535911,142,172,3.051751417
150,6.323265995,121,231.59375,11.44821332
151,7.500492177,130,131.5,2.543526728
152,8.569785247,155,142.4375,2.610151856
153,7.713667938,98,251.625,16.63439794
154,28.97957659,832,219.65625,14.47759445
155,-6.845244091,1600,635.9375,34.93850338
156,-24.16099315,750,990.0625,31.81266766
157,13.78717604,147,826.40625,33.06748581
158,-1.827229561,407,224.4375,16.402718
159,10.51692142,129,417.28125,23.46566659
160,118.3285294,1199,403.34375,20.30673437
161,139.329295,1600,606.0625,38.53864838
162,16.10698878,129,503.65625,31.90611711
163,46.74468164,578,292.8125,20.34388867
164,42.2034478,519,539.1875,32.73346385
165,70.91768718,1391,411.9375,32.06218596
166,61.08105975,796,741.0625,31.84717397
167,64.89865855,767,1056.28125,46.56901203
168,20.16322559,826,982.40625,40.39691682
169,114.9276533,1600,1150.875,31.0742271
170,8.488716876,143,587,32.90909153
171,23.45958852,1600,730.625,36.04736893
172,12.63124771,162,787.65625,42.50025202
173,-57.33358321,1600,575.28125,31.12073661
174,66.52201505,1600,1028.4375,38.84007096
175,130.2869094,1600,866.78125,41.27021188
176,-16.73265993,1600,921.34375,61.75917939
177,41.61054932,852,527.375,31.51620253
178,48.7829158,784,565.625,47.34522961
179,31.23511326,1600,502.25,32.83875538
180,100.1615931,1600,413.125,20.20366861
181,-25.12329268,159,740.28125,35.05585169
182,5.021458513,103,816.09375,49.27502319
183,109.694934,1600,364.78125,34.18619196
184,6.158719918,129,765.21875,42.61415477
185,95.87071684,1600,349.34375,23.72555819
186,93.63672347,1600,741.53125,30.50356563
187,40.76578239,945,1023.78125,37.87528606
188,-14.39600259,191,880.34375,41.91110084
189,35.66016698,1600,816.25,45.38634146
190,37.97256621,1600,546.0625,28.40135104
191,27.81153733,473,965.84375,39.64792737
192,-24.35747379,171,670.84375,43.77593593
193,26.65984467,258,592.25,36.48432494
194,38.34154178,841,823.1875,36.51584638
195,118.8691124,1480,693.46875,30.36208325
196,3.272211279,238,601.6875,34.01102731
197,13.49801478,513,751.6875,39.46993944
198,99.63552431,1460,525.28125,33.53753376
199,96.23131689,1445,464.84375,39.15301238
200,51.07639624,1301,580.25,35.23935502
201,80.15288098,1481,483,33.86714929
202,109.083339,1016,621.5,46.64504657
203,-3.088036665,59,323.59375,32.75413679
204,15.84287012,209,442.28125,43.33362956
205,7.57678914,301,394.0625,29.68033059
206,58.54675994,794,559,31.79724218
207,36.39365293,291,439.96875,42.23663392
208,14.17007945,165,532.5625,36.43254783
209,46.55182554,399,593.71875,56.26035923
210,34.88563338,349,341.84375,26.5680926
211,-13.26165866,192,394.59375,25.51238219
212,180.6492431,1600,509.125,35.59717099
213,65.69903999,725,586.25,29.60399526
214,60.78028678,885,580.28125,41.80770346
215,52.34185115,548,601.6875,34.03764607
216,8.406048442,154,587.5625,38.50620326
217,27.83838363,400,530.375,38.87164809
218,28.05745983,251,554.75,36.68270746
219,34.44444976,369,435.15625,31.77304446
220,55.66512489,991,507.46875,36.4063511
221,57.98479588,1040,458.34375,34.99173178
222,83.33382087,1098,521.15625,31.64668571
223,-34.53898306,149,567.65625,24.41634626
224,26.65415261,234,546.53125,43.67472714
225,-0.948558979,281,365.125,34.93266371
226,62.76441554,465,527.5,33.78875928
227,72.90248202,805,426.375,36.34071537
228,78.87251059,573,581.5625,47.54798945
229,35.90258207,288,619.8125,40.25912289
230,36.97692841,674,585.03125,40.38944205
231,61.5744184,625,640.46875,42.12328999
232,9.654800911,592,589.03125,37.63897463
233,70.26469203,815,776.1875,46.3630138
234,87.24552803,678,692.1875,45.47358453
235,49.69218153,557,582.84375,34.85528695
236,28.40440441,269,729.78125,46.93178935
237,2.533047888,461,622,46.38730644
238,76.74869021,912,708.4375,35.87635883
239,67.17555009,675,644.625,44.32695025
240,36.55519673,715,549.375,46.73063416
241,107.2599378,732,734.5625,41.62652768
242,36.58674405,281,627.71875,52.50499043
243,19.08038924,293,673.8125,55.78030355
244,23.23892273,422,451.96875,31.00408268
245,72.31905106,499,478.90625,35.63493203
246,2.390729627,191,362.625,28.93089366
247,18.58905841,167,320.875,25.31487152
248,24.41464552,173,382.25,29.53051848
249,12.58741875,932,489.25,33.7270785
250,10.82447655,110,474.28125,33.85321945
251,10.00605835,275,461.8125,31.67607795
252,49.83258943,604,586.09375,49.07705504
253,108.8451598,1212,536.34375,45.42673835
254,130.8170239,1196,654.46875,51.88849083
255,20.36547006,153,497.0625,37.68851012
256,137.8549008,1170,674.15625,56.06223189
257,16.35430733,318,1000.4375,60.14573642
258,29.42587819,214,659.75,49.60803516
259,77.94991484,863,937.09375,61.39539291
260,83.25814552,722,913.625,59.13390476
261,40.61488888,685,914.25,61.81924669
262,93.04221192,1213,1027,63.48618883
263,162.249208,1600,1237.375,61.17479572
264,131.3052707,1600,1165.71875,58.78477496
265,-21.43931926,198,1114.5625,56.9588915
266,26.87662502,273,1131.46875,53.56041233
267,67.09141115,1600,1110.21875,60.65447829
268,57.14985049,1104,840.34375,57.69578803
269,121.4743635,1153,598.65625,52.99934772
270,14.80667701,174,696.75,56.42646555
271,136.971724,1006,798.28125,64.39374032
272,175.0605011,1600,725.65625,53.06084803
273,-24.1382859,188,606.65625,47.26885663
274,56.88613874,866,551.53125,48.74026961
275,-2.284502131,198,677.90625,49.92764038
276,-7.476329091,93,772.1875,66.00993047
277,41.87586588,326,755.5,55.94046493
278,46.02124467,481,823.875,60.45797238
279,54.70097421,877,814.625,63.91362538
280,108.1934782,840,601.3125,42.08260377
281,104.5062314,803,577.53125,53.43372436
282,125.3271292,1385,599.59375,54.63821291
283,26.32578308,243,769.0625,49.25988367
284,108.0354358,861,683,52.80668621
285,58.95398636,587,672.90625,49.46120291
286,184.3182973,1600,829.65625,63.47800782
287,192.7212918,1597,732.125,52.39603894
288,207.2713064,1600,618.375,49.80697049
289,18.06037985,157,820.46875,66.05715517
290,97.37402752,1406,736.53125,54.11575579
291,69.19643669,765,605.28125,50.15620603
292,39.41251437,249,740.75,55.0026932
293,125.8822326,1600,782.34375,49.44283969
294,19.72096506,297,942.25,55.36316235
295,54.1893754,461,716.15625,61.67585988
296,117.940296,1338,871.90625,52.5865771
297,11.35871554,624,936.65625,56.0075779
298,194.8760915,1600,928.71875,55.0986178
299,130.6316857,1384,899.03125,49.05513268
300,129.055834,1600,868.1875,53.45369777
301,179.0247784,1600,816.5625,60.09402091
302,46.74184577,372,759.46875,55.38270322
303,88.4551806,777,898.375,60.95737567
304,34.97692227,1143,986.34375,52.02535688
305,149.4156442,1600,878,67.97195465
306,81.94040532,888,748,48.7401394
307,60.88408311,633,683.25,41.89052432
308,173.4418032,1600,840.1875,60.71924216
309,12.00341821,279,774.78125,54.18224863
310,10.96328595,134,803.25,55.31598415
311,138.8708388,1600,726.8125,57.55527985
312,-1.868481646,235,708.40625,60.72679427
313,-11.66147275,146,739.4375,59.93585589
314,77.20223101,1489,983.75,65.65067004
315,14.67816735,295,959,48.94503708
316,156.9980715,1149,808.9375,54.79706113
317,59.94972783,502,657.65625,43.54673662
318,161.6870093,1470,678.78125,52.21980088
319,8.36973071,152,714.375,53.44315143
320,36.51404088,848,593.21875,36.1252845
321,6.306337656,124,803.5625,46.69856033
322,133.657069,1486,890.5,46.73858511
323,16.21137411,223,681.09375,51.7782258
324,44.48840581,811,584.90625,47.84323428
325,51.06864183,438,859.59375,58.9432538
326,72.12058229,566,899.78125,65.0212746
327,16.99283896,190,820.09375,56.37215483
328,46.16192785,370,864.40625,63.91096801
329,161.7027606,1458,623.4375,63.039077
330,64.21595279,1031,740.125,55.89292291
331,74.35882424,1023,800.28125,63.31871761
332,129.3793045,1600,677.1875,59.92441619
333,201.4618008,1600,638.09375,54.55504216
334,52.05436796,401,569.1875,38.00446281
335,20.76415113,168,445.5625,35.7423246
336,-4.172946407,251,349.8125,23.76161073
337,33.68136704,327,346.9375,29.57835466
338,61.34814953,519,474.28125,48.68762512
339,208.2271223,1600,600.09375,50.47729682
340,140.6545033,1467,722.625,45.48266662
341,133.7822792,1568,538.46875,42.18863181
342,127.5100677,851,916.125,57.31719556
343,72.42111756,701,776,47.5384577
344,54.81930968,436,781.625,46.47711233
345,10.58587113,160,759.5625,58.62121781
346,70.67049094,747,939.875,55.24205821
347,105.4049911,1017,852.5625,56.05645615
348,109.8607223,1001,914.28125,56.9612001
349,152.6635309,1600,849.75,58.196141
350,32.45834373,459,616.5,41.03439502
351,8.477106597,188,819.40625,46.41450094
352,71.52921187,622,785.84375,46.44704826
353,35.42875818,287,768.125,43.15689084
354,65.69216809,1128,577.34375,35.49849585
355,94.45364126,1600,552.375,36.54352344
356,15.57770796,419,700.1875,40.97886069
357,123.6615023,1600,789.9375,43.14250006
358,33.50752478,501,960.53125,46.38956205
359,40.95550061,737,840.5625,56.66415105
360,154.7064605,1318,994.9375,51.29173231
361,58.09545444,374,751.625,45.19411771
362,137.4049248,1196,891.375,51.05974505
363,93.24997517,996,1101.75,57.81155957
364,3.594303913,123,801.625,46.58117414
365,-8.138911547,1302,845.5,50.36733523
366,169.6325675,1600,955.25,48.71549487
367,63.84355393,1600,704.21875,44.61413257
368,39.9139393,301,1068.75,49.51018574
369,74.31138314,1065,1084.4375,57.72879107
370,43.40567999,1600,1180.4375,44.41916308
371,96.4257532,979,1236.90625,48.41072482
372,64.69616221,1600,1151.96875,57.16404914
373,153.0665094,980,973.75,51.72329797
374,120.261924,1600,1038.1875,47.15702713
375,46.36764709,479,865.09375,42.51011295
376,16.35032202,314,1125.5625,52.32081722
377,178.3175228,1600,1093.5625,49.49065009
378,36.71159383,266,905.03125,51.07141229
379,70.81153308,811,963.78125,55.71867249
380,12.81929606,383,861.34375,57.39279064
381,188.8357975,1600,934.8125,68.60480156
382,128.4068762,1600,614.78125,37.37603769
383,-0.928752032,503,815.21875,55.30600774
384,109.3352147,1600,681.1875,52.16769153
385,86.96628398,975,759.0625,51.04717532
386,43.59647207,289,751.1875,69.04579394
387,68.01259684,432,853.6875,67.87277043
388,128.8781503,1343,735.65625,66.93861747
389,80.34761507,591,753.0625,49.19751753
390,191.098038,1600,849,63.93628044
391,60.30672406,1600,777.71875,57.92676786
392,165.0392898,1600,869.03125,65.76282343
393,181.7443372,1600,660.375,52.78543394
394,116.5255981,1600,873.5625,63.18687985
395,100.736768,644,719.25,56.80020296
396,101.5596393,707,478.09375,51.76557513
397,59.66733797,496,931.8125,65.72862455
398,172.911139,1234,814.9375,71.95460178
399,97.90038855,1197,728.53125,72.41228658
400,111.0437613,747,1043.0625,78.08619328
401,112.7669261,893,662.3125,61.78357314
402,199.5751185,1350,804.96875,65.16888977
403,49.85298989,336,598.59375,61.03274358
404,191.8093317,1268,677.84375,73.14225251
405,85.2455304,498,545.5625,60.02491055
406,73.38013411,473,402.65625,38.58032153
407,32.80697108,247,414.53125,54.47073526
408,5.057939872,346,533.0625,61.67015725
409,40.18250945,529,576.53125,58.71653458
410,103.0486329,1054,699.8125,55.07964003
411,44.35106552,495,615.3125,55.86948579
412,142.7997982,879,392.5625,30.59167235
413,17.40287258,173,440.90625,47.39837799
414,61.11294546,422,424.875,50.49417641
415,124.7216241,754,444.65625,43.42496629
416,35.18454796,403,386.125,33.52160106
417,29.55757056,246,487.0625,65.3334858
418,18.99349321,162,473.09375,53.57726022
419,15.19141529,152,288.53125,29.39696193
420,96.25685549,670,352.4375,26.55455518
421,25.6629056,215,284.28125,34.51150791
422,7.605102696,111,286.125,24.1569291
423,26.42530953,201,268.1875,20.10775618
424,57.95916762,473,289,23.75171886
425,51.97663182,416,313.8125,34.10566048
426,9.189594718,116,399.71875,34.04293508
427,99.11249362,876,553.125,49.34686481
428,21.68700065,340,530.125,45.20151644
429,43.21845061,437,593.65625,50.92344629
430,34.81179691,401,357.15625,38.83701277
431,92.22441949,643,440.34375,42.97468102
432,29.86134313,340,520.8125,43.20727199
433,36.26624183,414,479.1875,59.1428518
434,38.57939934,414,461.5,48.50302039
435,49.23578899,501,380.65625,34.76270033
436,197.8482178,1600,386.28125,22.88239973
437,-15.96443832,110,348.0625,33.41867305
438,155.1239624,1066,401.5,26.43951969
439,66.51520222,489,439.8125,43.82583247
440,115.3417179,945,421.5625,52.66546751
441,25.78157671,280,394.71875,31.44835103
442,65.03575384,658,331.96875,31.57753214
443,28.58772652,224,326.8125,18.32970947
444,21.2982027,275,323.8125,27.9948346
445,103.1657402,863,366.84375,28.47430288
446,-15.18084495,205,469.75,46.29411067
447,113.9733388,691,401.8125,47.38403147
448,102.5768956,639,325.40625,30.10452068
449,85.6854552,555,363.40625,45.98379974
450,10.05755338,217,367.59375,39.50280174
451,34.45268385,211,371,36.61803456
452,96.54300785,648,308.1875,33.01074671
453,158.1786835,1042,438.1875,51.61423145
454,-5.629457855,85,394.5625,50.85510213
455,103.3355846,788,403.6875,46.77222183
456,30.40605399,230,416.125,38.23405395
457,81.61654007,603,411.1875,35.48916812
458,68.26687313,711,389.1875,61.570205
459,31.90314885,334,468.40625,50.25404779
460,-16.03776404,122,506.46875,49.61091726
461,-9.748204127,114,550.78125,71.31584482
462,120.9588214,861,470.4375,63.74342103
463,78.93056826,632,607.125,65.33489615
464,144.2161704,1081,423.3125,42.95956389
465,74.97595017,473,514.125,66.44364069
466,38.86898119,373,314.125,30.62599987
467,145.7835592,865,474,46.40267781
468,38.64847714,340,460.03125,51.09133986
469,63.12608282,382,571.34375,61.90079386
470,56.68692539,646,581.1875,53.74840664
471,65.69999158,524,563.8125,65.80414993
472,61.18962144,382,567.375,65.15633412
473,64.02239387,476,592.875,67.0770334
474,76.02216198,413,560.84375,64.64172528
475,36.23559022,242,346.8125,44.18483768
476,116.7342279,651,575.9375,77.28890187
477,11.59230332,129,490.65625,50.8124276
478,25.98791327,286,601.5,65.38858609
479,65.93106559,423,666.9375,63.91471323
480,17.0889989,254,585.90625,73.54966587
481,21.02795212,203,443.625,42.26057181
482,61.5820292,607,548.28125,55.04749789
483,82.66407406,598,508.59375,66.20424209
484,-25.24515013,161,490.96875,66.47032801
485,36.88391592,224,378.625,50.96300512
486,118.0077658,860,443.0625,55.37630826
487,-14.87433104,172,515.875,54.65875521
488,8.579802774,323,389.75,55.81387993
489,40.4796027,228,606.9375,58.77700937
490,26.61296425,393,312.875,34.27482563
491,32.62364272,427,354.9375,39.18160689
492,28.58981654,456,450.21875,42.36639945
493,34.56983622,852,387.5625,30.54948952
494,18.37836868,310,491.34375,49.21336813
495,45.59074516,242,461.84375,49.78173074
496,48.70736046,375,259.71875,25.18088236
497,27.27365222,245,381.78125,40.24591385
498,25.89193857,192,226.78125,23.50968054
499,17.41295634,216,364.90625,36.96607335
500,85.26244958,517,348.90625,35.23060051
501,154.4565277,1014,418.53125,44.19638146
502,25.16987238,178,494.34375,42.62542105
503,133.1982655,725,465.71875,47.28910434
504,0.47053905,151,489.75,48.28890499
505,39.32015968,251,436.375,43.42283214
506,61.09067976,591,443.65625,35.60830384
507,50.83130739,293,494.75,50.81238989
508,63.42033536,433,444.625,34.92075783
509,156.9347731,1320,486.875,54.52163835
510,7.83283176,106,608.46875,60.41412824
511,134.814475,894,373.4375,31.87651818
512,68.55177355,568,485.375,53.89962143
513,130.4782642,1244,571.71875,56.48512826
514,227.73979,1473,437.28125,37.61458876
515,135.6365451,1066,453.625,34.354525
516,106.3424283,672,617.84375,61.20635307
517,33.10165859,212,561.21875,67.53468904
518,-16.39584299,363,679.9375,69.93410239
519,44.13744291,571,625.65625,54.73234703
520,73.20352561,937,758.9375,45.13714798
521,1.299248965,63,642.40625,56.42859326
522,157.5417113,1270,505.59375,45.45243041
523,5.763572049,268,570.78125,41.7643226
524,13.47512204,331,532,41.84927137
525,24.52330371,288,779.3125,54.77581075
526,198.4748812,1600,767.1875,62.13461434
527,23.46949908,333,812.5625,56.70074075
528,52.4546438,488,824.9375,58.63802878
529,129.0495795,1171,704.21875,46.93828126
530,62.7883233,571,948,58.9979367
531,49.34921237,556,649.75,51.00875949
532,159.0480002,1600,734.46875,55.62281469
533,197.7171876,1524,886.40625,53.85000904
534,69.35616754,774,882.75,55.80219597
535,190.9979293,1600,869.75,64.25425152
536,118.2384459,1000,589.3125,55.98432117
537,151.4663041,1106,738.96875,57.94600808
538,15.88791576,196,727.125,61.53391497
539,-3.576917894,102,765.34375,56.47952811
540,109.9687169,1142,906.8125,58.53067701
541,35.69139928,305,769.65625,63.11104122
542,97.71460257,1011,684.1875,52.16468367
543,156.8562217,1296,533.0625,45.81032326
544,69.58460758,728,850.875,56.92735297
545,43.25549884,331,830.78125,62.79249661
546,18.97362707,201,466.21875,47.47876768
547,11.74062177,175,550.03125,57.38859226
548,126.9912786,1010,928.4375,64.27046473
549,62.41971608,506,969.25,60.30564073
550,-12.48165574,65,852.65625,64.40693267
551,58.08883146,954,740.40625,64.4200274
552,135.9282733,1600,814.1875,70.35012464
553,149.6063009,1600,1124.78125,53.27111194
554,26.5389182,224,1082.0625,58.72794458
555,59.71377826,698,828,67.19659362
556,65.71566528,600,961.96875,70.95352558
557,72.92308478,1186,1020.25,58.89901599
558,36.6948517,395,821.90625,51.71316942
559,162.1722759,1387,984.4375,66.15975166
560,61.22534491,613,826.1875,58.22268368
561,182.0282102,1600,675.46875,52.78886229
562,43.98073069,653,926.90625,66.32118915
563,174.4254032,1600,1055.875,52.58789721
564,47.18909597,421,998.9375,61.34587723
565,43.28328566,525,1035.40625,57.33351681
566,27.4752327,551,875,51.03290122
567,91.88090294,1312,1081.90625,46.2366775
568,130.4007546,1056,1155,60.26623698
569,210.1873846,1600,821.0625,66.5013172
570,40.57511384,440,833.90625,56.43379214
571,36.64458629,381,777.5,69.7334313
572,172.5486744,1600,744.15625,65.97265879
573,58.99165875,585,1056.875,64.49672054
574,15.58071319,369,734.875,68.05941878
575,171.4698904,1600,673.25,69.51110169
576,167.8037661,1600,914.53125,60.89319442
577,61.89940168,1061,804.875,79.47221785
578,76.64205329,688,831.46875,59.01146466
579,105.5786449,783,768.25,64.31870823
580,-12.22862799,49,803.5,70.0738012
581,86.03738176,511,328.28125,72.94319279
582,179.610596,1563,492.15625,76.16435746
583,60.05464499,381,586.5625,73.02775043
584,33.75245095,319,542.75,68.76143193
585,184.243252,1600,436.78125,55.95144744
586,-20.73560611,150,787.34375,81.93534864
587,59.52068178,594,473.25,43.58157417
588,75.25871254,566,592.125,51.63670557
589,12.12846787,375,597.0625,65.13085102
590,113.4634687,959,541.625,52.78691583
591,111.0277429,898,609.15625,64.94058381
592,53.98289099,413,498.90625,39.76587244
593,-29.06557617,248,378.6875,34.6041746
594,35.2018421,649,729.4375,56.22043979
595,56.87692801,728,608.5,43.17590184
596,39.88994286,577,630.625,55.99509238
597,38.2262359,229,449.78125,38.61326357
598,26.55162856,224,356.6875,26.17796495
599,82.57202991,506,523.6875,42.81982921
600,74.06459734,607,579.65625,54.14108022
601,28.18461628,225,488.40625,35.67261385
602,-0.609860569,568,357.65625,37.69704844
603,112.1840644,873,465.875,31.55006599
604,11.5242018,208,403.3125,47.97649974
605,66.39429846,406,311.03125,45.91480106
606,20.49660125,151,355.5,36.05149159
607,-29.13287922,292,327.75,31.18952094
608,16.52971945,161,370.5625,29.88200486
609,20.55286088,180,344.90625,27.8934146
610,66.40641963,442,218.75,15.79507567
611,30.74403143,267,342.8125,34.86021661
612,37.87503947,812,493.4375,49.98818406
613,19.28127101,165,449.8125,44.14164904
614,93.629549,1285,578,46.93592149
615,81.69707007,803,806.03125,59.52833146
616,29.01708511,646,809.21875,59.39679785
617,175.8976689,1600,764.3125,51.81717298
618,199.8621967,1600,982.28125,57.73835531
619,87.04933348,629,679.8125,61.97213408
620,54.75007412,922,688.53125,56.3780143
621,63.98287544,1049,805.15625,53.03791145
622,98.93915842,842,783.9375,43.8163379
623,157.1667663,1600,762.9375,70.77149437
624,217.574843,1541,826.5,58.24751957
625,154.3419889,1600,1007.40625,67.24442907
626,210.3188429,1600,985.1875,66.49649173
627,39.82456066,397,804.1875,54.97376305
628,193.1755897,1600,1022.1875,53.3990181
629,130.5835741,1228,1151.59375,56.14643626
630,120.8212451,944,1155.75,56.34352822
631,173.7336863,1600,1179.8125,63.27975564
632,42.28321293,477,870.3125,63.98254892
633,123.4596339,1034,999.03125,61.00920244
634,176.5661044,1600,978.25,67.91317998
635,-1.566846499,492,1006,76.26486924
636,78.66661807,1453,1149.375,55.41960343
637,127.0421211,1600,1218.71875,57.482146
638,182.6817194,1600,1198.5625,56.60658926
639,132.0604303,1075,1280.5625,56.2762034
640,38.73617226,366,1300.9375,48.60409289
641,5.28789144,287,1020.5625,62.83462974
642,211.0825708,1600,1083,58.85408017
643,215.2756651,1556,1185.96875,68.64017869
644,20.46015003,239,993.875,64.37612584
645,44.08276401,907,1004.0625,64.24582867
646,58.72546609,813,1227.90625,52.5533561
647,132.1973742,1600,1372.875,40.53531842
648,23.96773167,235,1409.53125,49.92927289
649,179.9676815,1600,1214.84375,62.85027412
650,57.95958613,497,1434.28125,41.76118824
651,191.7348355,1600,1342.34375,54.47209336
652,49.30710482,527,1382.9375,48.58801941
653,172.21467,1600,1245.96875,48.14080817
654,19.71311258,184,1094.65625,66.10367785
655,35.10688088,356,907.375,57.65873517
656,141.8282908,1403,1128.71875,55.73910435
657,98.07439694,1246,1313.46875,54.14338674
658,174.8158192,1600,1417.25,44.24635218
659,116.3613481,1269,947.65625,64.87796343
660,151.0933115,1509,1081.9375,54.06781307
661,32.37218363,247,786.8125,57.8655914
662,38.94293159,461,785.21875,55.58781028
663,185.4907161,1600,958.65625,67.8946501
664,20.73061427,284,754.375,48.00363986
665,158.1526095,1600,847.8125,56.20640975
666,32.33364481,752,778.34375,51.52548933
667,48.68255525,718,1138.8125,44.54770196
668,141.2902713,1600,1154.46875,47.52854061
669,167.4973263,1600,947.84375,49.5192813
670,24.55952489,290,1161.09375,49.31105081
671,35.90882401,385,1275.65625,45.6891043
672,75.74122809,784,1218.1875,58.2955588
673,157.6788917,1600,1437.375,40.72446851
674,162.5866845,1600,1328.28125,53.23236298
675,211.8808825,1600,1271.84375,47.86030175
676,207.3914455,1600,1030.625,61.70227281
677,150.8064188,1600,1300.46875,52.69095312
678,199.4576804,1600,1203.03125,66.27887729
679,179.5547395,1600,1319.28125,60.78600636
680,199.7712703,1600,1313.59375,55.96875247
681,40.96910692,358,1263.90625,68.46659476
682,74.28432475,786,1300.03125,65.60631322
683,163.3613614,1600,1452.9375,42.74077481
684,89.99326031,579,1592.59375,20.88704779
685,197.3639396,1600,1019.28125,65.90169285
686,54.71787672,395,1226.8125,67.38418261
687,163.272455,1600,1261.59375,59.45271374
688,184.030088,1600,1495.03125,44.60818165
689,122.3518881,1004,1351.15625,50.84772332
690,213.7975352,1584,1074.78125,63.12531429
691,72.15555006,528,1266.34375,68.99372042
692,90.00370784,580,858.5,65.07103356
693,163.0721994,1308,918.84375,71.41661083
694,106.3138806,872,1202.21875,70.06984064
695,109.4294002,1192,1303,59.98645564
696,201.3460011,1600,1330.71875,48.81166362
697,197.876065,1600,1321.1875,63.48482569
698,205.6647963,1600,1164.28125,73.78495917
699,182.5035595,1600,1203.90625,65.34938207
700,183.0457288,1600,1477.375,36.77921104
701,193.5459305,1600,1486,36.60969219
702,186.7789242,1600,1474.96875,43.20552493
703,167.8008149,1600,1341.96875,52.84384765
704,138.0350377,1237,1410.0625,53.80721681
705,199.7311724,1600,1430.25,51.40520816
706,207.7144999,1600,1392.59375,50.48110637
707,88.48787845,778,1363.4375,56.03484575
708,168.1338618,1600,1459.65625,49.54112058
709,185.1779451,1600,1517.90625,31.60628724
710,165.3167296,1600,1216,61.4013893
711,177.4849611,1544,1329.5625,54.01406854
712,209.811029,1593,1289.0625,59.07884196
713,212.3418316,1587,1434.59375,41.41719498
714,189.4661687,1600,1219.25,69.24611418
715,175.0676289,1600,1346.5,59.58348272
716,6.748274926,171,1459.25,41.08290313
717,94.81322501,781,1392.34375,55.80243218
718,217.8052452,1523,1351.8125,60.93440921
719,219.6325752,1504,995.6875,71.43192638
720,143.7168526,1600,910.84375,78.63152065
721,188.2012176,1600,1361.40625,58.35545756
722,87.51383882,619,1494.25,34.32562892
723,176.1009543,1600,1168.84375,68.87069811
724,197.3240891,1600,1456.09375,43.8742053
725,205.6865394,1600,1469.3125,36.04223367
726,178.0842916,1600,1454.6875,48.81725011
727,6.008759084,126,1396.1875,51.94622177
728,197.8391438,1600,1361.53125,57.55529671
729,183.1746579,1600,1353.8125,50.1905917
730,185.2296125,1600,1479.03125,46.19515439
731,203.0969571,1600,1502.3125,37.2888011
732,6.32476026,127,1431.15625,48.47903762
733,177.5743265,1600,1340.21875,60.60317899
734,187.5479644,1600,1384.09375,58.79249449
735,166.0802363,1600,1453.46875,40.28663027
736,11.49119179,170,1446.5,43.71653039
737,20.85641339,236,1353.5625,54.87286988
738,211.2191692,1583,1133.46875,67.74477517
739,168.9089421,1269,1305.6875,56.13236135
740,133.3905014,1065,1326.5625,59.4487479
741,215.3822032,1519,1135.0625,69.95388395
742,217.7803483,1508,1368.25,57.66003522
743,75.44537365,695,1214.15625,63.88464612
744,191.3813397,1600,1377.09375,55.28076648
745,-4.379263317,118,1293.90625,59.04079697
746,180.5425588,1600,1300.59375,54.27881269
747,186.4332524,1600,1288.53125,60.85616823
748,197.0163362,1600,1334.25,49.61710962
749,101.5458526,1013,1171.65625,59.59055231
750,193.5930512,1600,1252.21875,62.73664374
751,182.9699241,1600,1319.53125,61.82432554
752,27.70015191,329,1194.5625,71.61510297
753,191.1148004,1600,1082.34375,69.8216707
754,196.9424166,1583,1477.5625,41.38561959
755,163.3377356,1557,1054.5,65.62769153
756,172.8330135,1600,1218,67.88859342
757,181.6295286,1600,1323.5,53.76051218
758,174.4702974,1600,1406.46875,46.77544992
759,182.4473232,1600,1440.46875,41.01554431
760,198.0347385,1600,1235.8125,62.88962431
761,84.73625575,732,1010.53125,73.50277017
762,191.5991688,1600,1025.53125,69.05532188
763,172.119967,1600,1120.71875,73.34294938
764,192.6139528,1600,1338.46875,48.21233654
765,170.0524992,1600,1123.53125,66.7628834
766,178.1859045,1600,1216.0625,64.23054254
767,95.21503697,891,1116.53125,68.10465214
768,189.2684973,1600,1139.46875,59.76677644
769,174.8547283,1600,1109.40625,67.0664835
770,180.3691784,1600,1286.0625,54.90224818
771,188.2108631,1600,1420.5625,49.36204208
772,90.10770027,787,1313.28125,52.36908752
773,151.9563882,1317,1423.28125,49.14901007
774,198.416932,1600,1463.375,40.64788072
775,147.466308,1600,1519.09375,29.48857566
776,197.0175999,1600,1400.46875,43.98974026
777,193.5539262,1600,1416.28125,45.92839489
778,173.0602435,1600,1505.71875,30.9174792
779,193.0083645,1600,1412.9375,47.61626747
780,33.09111432,572,1460.9375,48.76324667
781,121.0105705,1183,1503.6875,38.89845172
782,197.1890656,1600,1421.40625,52.68810674
783,177.6899904,1600,1424.71875,47.1388064
784,168.2977127,1600,1477.75,38.40036284
785,195.0807233,1600,1495.4375,38.91618117
786,189.3321209,1600,1535.5625,37.01208448
787,186.8328208,1600,1340.75,58.86859313
788,186.4089,1600,1449.5625,41.42228701
789,93.72767645,771,1569.0625,20.50883651
790,141.3459789,1038,1432.65625,44.12977856
791,179.1632277,1411,1375.4375,54.18804906
792,201.0067356,1600,1458,44.63839441
793,133.333878,1063,1405.71875,50.87597105
794,189.8604751,1600,1422.09375,52.92872268
795,110.325325,878,1331.34375,63.27074557
796,211.0289344,1554,1490.65625,32.94396211
797,216.1482699,1509,1470.1875,40.90001599
798,194.9488331,1600,1368.4375,56.63468401
799,210.2364569,1569,1237.46875,64.73501708
800,207.1512505,1600,1334,51.21392538
801,202.951653,1600,1322.5625,62.5937665
802,208.6194686,1586,1410.125,44.90612885
803,209.6285633,1591,1290.875,61.79553768
804,129.0275452,1254,1466.53125,40.5825153
805,206.8910101,1600,1368.90625,48.27920552
806,202.5297444,1600,1424.28125,55.16902126
807,213.5430003,1540,1493.46875,35.98768299
808,29.77956167,256,1428.9375,49.42256942
809,186.8926477,1600,1397.625,53.68393644
810,208.0993868,1568,1517.0625,31.05716423
811,212.1701594,1537,1304.3125,60.9444731
812,217.9888675,1475,1355.6875,55.47866352
813,173.0252155,1173,1168.125,68.50075882
814,205.3777395,1600,1219.09375,59.34657881
815,206.4178246,1600,1304.53125,62.6880882
816,206.2867577,1583,1289.46875,65.37564972
817,149.3535229,1143,1312.25,54.91303531
818,209.0344427,1562,1435.59375,46.02015299
819,203.3909164,1600,1385.25,50.00982344
820,32.1259655,536,1428.71875,46.97727327
821,185.2799639,1550,1271.4375,65.19760165
822,203.2462105,1598,1407.90625,49.50858827
823,36.918815,548,1336.375,60.58933308
824,206.2711752,1585,1453.0625,41.96903756
825,207.022369,1586,1378.96875,51.89624803
826,135.7814759,1114,1241.6875,58.01975132
827,111.0609534,920,1297.71875,57.24834498
828,216.9197783,1480,1226.4375,61.28860393
829,25.92027985,217,1119.40625,64.23961239
830,220.5353254,1438,960.15625,67.76799986
831,214.7766571,1495,1035.15625,71.7475921
832,92.36828236,672,1082.5,67.06415101
833,212.7267379,1517,1216.28125,66.58594797
834,183.397379,1263,1252.46875,59.8372116
835,207.8103677,1556,1183.4375,57.38431723
836,93.67865634,612,1191.875,63.90666067
837,208.2469867,1557,1051.09375,70.6835415
838,39.45547235,326,1369.3125,40.46410396
839,144.1964783,1334,1134.5,69.97635149
840,158.6109244,1126,1025.3125,77.18547355
841,178.1497086,1600,1072.78125,63.09909499
842,176.7093685,1600,1310.625,55.44109842
843,149.7447286,1600,1458.6875,41.43799116
844,22.94200207,260,1494.6875,29.4103857
845,186.8674186,1600,1348.875,52.8555963
846,196.4399824,1600,1257.21875,64.8565903
847,125.1096093,964,1158.6875,67.35400769
848,139.8094665,1236,1212.1875,65.23523961
849,206.2273808,1580,1199.15625,59.31794305
850,32.64123083,406,1271.71875,60.18292587
851,70.97988215,853,1318.25,60.73526884
852,118.9246082,1129,1290.15625,51.09395852
853,170.5226323,1600,1384.375,49.72025416
854,15.47151038,399,1370.46875,55.18548469
855,150.4000083,1600,1378.71875,51.3607481
856,196.6171227,1600,1252.96875,62.01758808
857,90.50001371,725,1479.25,38.3187752
858,177.0092574,1600,1061.84375,65.3640133
859,106.249926,865,1128.3125,65.82125171
860,188.5606805,1600,1235.25,61.49995267
861,53.18207821,440,1158.5,61.52663074
862,79.84345486,701,1308.71875,51.68001831
863,106.7657826,1517,1232.78125,68.89442725
864,128.7181721,1174,1399.71875,59.39023206
865,186.800971,1600,1271.125,59.19364249
866,172.4335698,1600,1365.90625,56.91149293
867,79.06773265,859,1455.96875,36.90100267
868,174.0993405,1600,1565.90625,23.14629987
869,39.67575818,677,1423.1875,53.45348145
870,175.5312091,1600,1467.9375,43.13220629
871,89.49366611,920,1472.84375,40.58767738
872,159.2324302,1600,1354.75,56.47695341
873,66.13724401,770,1355.65625,51.03806655
874,77.54982762,663,1525.9375,41.07041939
875,168.2328839,1600,1547.375,26.52920173
876,202.499955,1600,1327.3125,53.07022682
877,207.8916027,1584,1263.34375,56.23337524
878,44.58717798,458,1372.125,51.44549292
879,45.82423266,634,1243.0625,66.12485589
880,29.72218785,259,1239.34375,64.40178386
881,205.7939344,1600,1247.875,68.99085533
882,153.2377461,1267,1178.5625,69.25399502
883,99.89103998,777,1183.9375,67.25223393
884,26.59398661,281,1341.96875,53.33985556
885,212.9009953,1506,1119.375,64.34900976
886,68.15278869,623,1192.96875,70.88363252
887,197.7601935,1600,1352.5,64.67826126
888,88.09488574,764,1165.65625,60.77058179
889,205.1025706,1588,1354.5625,47.42592326
890,45.21743357,356,1271.09375,51.17903091
891,172.9391039,1600,1323.84375,62.0598998
892,127.5322139,1376,1273.9375,61.15785542
893,23.90896371,197,1314.65625,68.82412713
894,212.1653081,1516,1203.125,69.91475593
895,207.8855179,1553,1325.03125,61.89076782
896,108.0081158,907,1294.15625,61.27881554
897,189.4540585,1600,1258.625,68.58168656
898,89.55674051,650,1284.84375,66.35858373
899,177.8076858,1600,1376.46875,51.32835446
900,61.71009646,777,1322.65625,60.16535887
901,186.9688636,1600,1171.9375,69.52777246
902,177.9341009,1600,1298.5,59.9891279
903,205.5717201,1600,1439.5,53.19676742
904,135.4791746,1575,1452.71875,46.8379049
905,118.587915,1111,1377.5,56.0314181
906,162.5900621,1600,1471.4375,41.22100255
907,177.2149746,1600,1517.96875,39.39417297
908,191.0818918,1600,1504.84375,40.98164944
909,161.9158804,1600,1456.75,39.46160985
910,160.4125561,1600,1506.875,38.49593236
911,100.3660283,905,1474.3125,47.38316362
912,199.232099,1600,1465.625,44.56037705
913,158.7387831,1600,1530.25,32.78128344
914,181.6430634,1492,1414.96875,42.62665099
915,198.0052776,1600,1352.59375,53.3784201
916,168.972279,1600,1441.125,50.69048152
917,180.6398954,1600,1423.75,48.85602907
918,203.5039984,1600,1545.15625,40.92114964
919,208.0871198,1580,1372.96875,57.14433921
920,178.9913123,1437,1358.75,62.53492685
921,203.7176724,1600,1357.71875,58.26119103
922,210.1352387,1568,1376.90625,58.76283917
923,210.7272351,1574,1182.90625,70.82388286
924,206.2629234,1600,1474.15625,41.2360342
925,194.5381586,1600,1377.0625,50.78855243
926,18.78599711,189,1463,47.46375352
927,206.2656386,1599,1424.65625,47.65412636
928,185.5198095,1600,1369.125,52.9937252
929,26.60524067,230,1440.90625,47.37195409
930,216.38181,1515,1491.875,39.81090783
931,196.4260646,1600,1438.4375,47.34448872
932,94.67376229,699,1500.4375,36.32431418
933,202.3478697,1600,1326.03125,58.53407406
934,195.6750413,1600,1416.90625,53.38146971
935,211.8234035,1573,1365.96875,58.85368163
936,204.8726559,1600,1360.59375,52.86936106
937,106.3781263,879,1257.46875,66.87031466
938,71.05057485,853,1300.625,59.70419763
939,180.5453483,1600,1452.5,50.3654527
940,196.0395149,1600,1525.3125,33.58617664
941,149.1617389,1372,1427.3125,50.40191537
942,199.5691521,1600,1399.03125,52.27277026
943,206.6833653,1564,1361.875,57.25872446
944,57.51687255,467,1312.375,64.33126196
945,193.2691938,1600,1465.25,42.39366478
946,53.35194082,984,1333.5,57.22215462
947,199.2836891,1600,1121.9375,71.03403369
948,69.00014634,648,1258.28125,65.50958234
949,167.6646134,1600,1328.25,49.0651643
950,170.5005799,1600,1344.125,50.49954293
951,184.7180926,1600,1321.84375,46.2851743
952,184.3946296,1600,1475.09375,31.55968317
953,180.2228256,1600,1537.8125,24.38714062
954,171.7853602,1600,1534.875,31.53688212
955,171.9345072,1600,1490.84375,41.01575791
956,44.21049461,520,1578.0625,12.88665055
957,174.9804124,1600,1516.40625,28.03796615
958,101.6969153,1030,1483.4375,47.2675343
959,163.0286614,1600,1452.59375,38.71555888
960,48.79368358,588,1515.6875,31.00509665
961,183.5398043,1600,1538.71875,23.28965166
962,196.6391388,1600,1563.15625,26.39063707
963,179.981654,1600,1537.15625,24.54604738
964,203.5187611,1600,1531.25,34.53312108
965,173.4940111,1600,1587.8125,17.97007773
966,178.5821126,1395,1570.15625,25.49185234
967,43.73559642,361,1522.03125,31.59955374
968,205.3457327,1600,1554.5625,20.91165739
969,32.55156548,286,1471.5625,41.69917524
970,204.1211185,1600,1445.375,37.9773555
971,62.32059333,477,1427.375,43.47030586
972,189.858801,1600,1345.25,56.95788708
973,131.0995766,1564,1501.5625,37.37352969
974,195.6875222,1600,1542.34375,21.47702209
975,206.9755636,1600,1535.53125,29.07989468
976,174.9153815,1600,1473.0625,48.71187393
977,195.2106945,1600,1502.875,40.74061613
978,172.611598,1600,1587.4375,17.89035008
979,188.9909715,1600,1568.71875,24.40129892
980,188.3552638,1600,1517,24.45146331
981,187.3647852,1600,1500.5625,31.2781528
982,184.4318746,1600,1454.1875,46.08176151
983,184.1735851,1600,1480.71875,33.69707688
984,181.7523239,1600,1498.65625,36.31536655
985,182.5101052,1600,1422.53125,41.91030146
986,195.9605073,1600,1445.9375,44.39129898
987,204.3788756,1600,1407.84375,44.01021058
988,181.1687227,1600,1384.15625,56.71717061
989,190.5715152,1600,1388.5,49.55177001
990,203.3298723,1600,1360.46875,43.43647876
991,152.6423483,1600,1510.53125,36.33837874
992,61.50144184,484,1441.90625,50.12438759
993,209.3552806,1600,1425.59375,39.83484188
994,80.05691826,637,1417.03125,44.63100744
995,219.9246333,1488,1440.65625,42.40708746
996,220.7294796,1496,1467.375,39.24697108
997,213.9589912,1560,1530.59375,30.21048855
998,212.4231135,1581,1560.0625,24.4016725
999,201.9823203,1600,1308.75,64.35967707
1000,203.2436799,1600,1490.78125,32.60789825
1001,168.4363053,1600,1537.5625,36.48566551
1002,134.56998,1600,1447.75,44.81230434
1003,173.076171,1600,1503.6875,34.64923839
1004,190.2053252,1600,1585.875,11.53704318
1005,171.5845308,1600,1516.4375,44.14340902
1006,187.1751285,1600,1559.78125,32.07297403
1007,179.7996102,1600,1519.46875,40.79447754
1008,170.8216595,1600,1506.53125,37.83491816
1009,171.8396479,1600,1600,8.530937714
1010,187.1662997,1600,1600,9.571829586
1011,196.013309,1600,1499.96875,38.40532272
1012,189.231504,1600,1482.0625,44.11226357
1013,186.3235655,1600,1565.3125,30.58692135
1014,190.944228,1600,1472.25,44.20841429
1015,181.7084257,1600,1537.375,30.49095054
1016,190.9701429,1600,1553.8125,38.08476628
1017,170.8997214,1600,1504.875,47.08124116
1018,202.5008627,1600,1558.8125,27.73681899
1019,187.6322425,1600,1441.875,56.56928467
1020,172.1699645,1292,1482.125,39.33037819
1021,97.15694483,887,1579.71875,14.04095622
1022,185.6670897,1600,1523.96875,36.75164303
1023,200.9331828,1600,1547.65625,32.50440596
1024,124.5598288,1235,1523.90625,39.99390016
1025,94.91378693,798,1562.75,19.48986031
1026,207.410678,1600,1482.375,43.35336578
1027,194.5320762,1600,1395.1875,54.78302338
1028,215.2737293,1522,1386.15625,53.98781443
1029,203.0923243,1600,1453.59375,47.73470917
1030,110.4150499,1198,1478.4375,49.8188725
1031,162.2903209,1428,1513.78125,37.27534947
1032,206.6518483,1587,1453.3125,45.31389227
1033,193.7149762,1600,1387.46875,60.4092183
1034,209.5698786,1572,1505.0625,36.86708631
1035,194.1092098,1600,1478.25,47.05663491
1036,64.67532947,595,1567.15625,23.73133899
1037,204.5746643,1600,1551.9375,18.96395184
1038,208.5825362,1592,1358.8125,52.87807269
1039,197.2497611,1600,1345.21875,62.36005777
1040,206.513635,1600,1492.71875,44.02750802
1041,191.921718,1600,1280.6875,58.87903607
1042,142.5834372,1245,1403.0625,59.87119588
1043,207.4911888,1596,1512.4375,31.44857844
1044,55.42220726,458,1309,62.43712299
1045,192.6052222,1600,1128,68.88792331
1046,146.3388785,978,1323.53125,59.66178604
1047,193.5360856,1600,1210.4375,72.08014462
1048,221.6291778,1445,1070.21875,74.86156509
1049,217.0159932,1496,1328.5,62.35434213
1050,203.8861568,1600,1322.34375,60.18229054
1051,120.9079809,913,1381.96875,48.67963763
1052,208.0175719,1584,1286.5625,61.01486144
1053,211.3914556,1546,1353.5,55.99371445
1054,216.8690867,1480,1278.0625,56.3400353
1055,207.6092502,1590,1259.03125,62.91452735
1056,223.39007,1431,1456.46875,32.50439746
1057,207.0827956,1431,1323.1875,59.56500919
1058,225.8688071,1405,1228.84375,62.30035063
1059,185.4122832,1600,1412.9375,36.52370086
1060,211.7220096,1537,1353.1875,56.19950269
1061,209.772357,1560,1362.75,48.9991809
1062,212.8046484,1521,1573.71875,7.712770196
1063,207.3222637,1589,1430.875,50.28951384
1064,217.0258411,1487,1377.5625,43.70989483
1065,210.148991,1552,1466.96875,39.94406696
1066,215.5334213,1503,1436,44.0089972
1067,203.4515483,1600,1365.65625,54.62482036
1068,71.88340795,571,1385.46875,55.12653793
1069,199.6060394,1600,1458.71875,41.66342177
1070,187.4243735,1600,1562.65625,22.50852763
1071,209.6683639,1551,1438.03125,53.56557002
1072,206.9224432,1589,1422.75,58.66371759
1073,206.2149149,1581,1356.9375,59.59713548
1074,28.27097667,592,1398.625,54.4421444
1075,201.9432917,1600,1492.53125,46.13101218
1076,206.9283186,1591,1458.09375,50.69012431
1077,211.5046024,1557,1499.09375,37.06630774
1078,208.8283195,1565,1315.34375,64.67401505
1079,65.65768268,515,1482.34375,41.98955069
1080,208.3083122,1595,1391.3125,52.53213568
1081,211.2044605,1537,1423.71875,56.32361469
1082,213.8010901,1528,1390,42.7767544
1083,190.0619388,1600,1360.03125,58.20031066
1084,32.95647616,278,1510,30.87221702
1085,179.9296923,1600,1262.40625,68.78801002
1086,213.5759125,1540,1304,61.93087731
1087,198.9873591,1600,1346.875,56.17361167
1088,197.0941247,1600,1546.71875,28.02999116
1089,197.488686,1600,1309.71875,60.12054638
1090,203.9060916,1600,1521.09375,37.67980128
1091,198.9599309,1600,1510.8125,37.34169825
1092,206.2805131,1600,1499.40625,33.79113243
1093,188.4168323,1600,1435.90625,45.8941166
1094,32.61045959,293,1385.1875,60.52129029
1095,65.85649415,590,1263.59375,72.82555352
1096,179.1390929,1600,1488.65625,41.28322868
1097,177.4248366,1600,1505.75,37.39809688
1098,188.6739653,1600,1416.1875,57.71635104
1099,178.1168601,1478,1353.9375,59.51084413
1100,177.9943507,1600,1436.0625,50.41155426
1101,190.7521004,1600,1482.40625,34.99683436
1102,199.9902142,1600,1413.78125,54.23526796
1103,98.46789741,740,1212,64.86757372
1104,149.8793695,1235,1343.25,58.14956402
1105,202.791974,1600,1351.3125,58.8456089
1106,199.7208814,1600,1413.96875,47.05673641
1107,83.82534099,679,1345.46875,47.16065707
1108,170.5781425,1600,1428.09375,52.3698002
1109,195.6336091,1600,1308.03125,58.46337376
1110,205.9122987,1600,1514.65625,38.34733524
1111,137.4763373,1183,1449.125,54.11716851
1112,172.3901788,1600,1252.4375,67.55867164
1113,205.7656889,1600,1373.5625,45.95491624
1114,198.6035897,1600,1419.28125,52.92439238
1115,210.9501187,1552,1434.28125,45.12044345
1116,210.5647105,1561,1438.71875,55.65055594
1117,209.9459715,1564,1477.9375,40.64630063
1118,158.3430542,1255,1401.09375,45.52171599
1119,83.56856099,870,1288.1875,53.14957769
1120,214.0263975,1529,1203.4375,59.75180827
1121,166.3893353,1600,1157.1875,69.11069969
1122,155.4409013,1600,1442.1875,41.57375306
1123,193.8492328,1600,1399.5625,55.31581728
1124,103.0876723,619,1227.75,72.76413144
1125,216.9690262,1481,1356.40625,48.23684961
1126,122.7406389,1220,1359.4375,43.33645334
1127,174.0798673,1600,1221.75,65.63093005
1128,215.0415694,1513,1489,37.78193963
1129,171.5367565,1600,1390.1875,56.30449056
1130,50.63916061,397,1370.96875,61.50278839
1131,217.3160723,1490,1211.25,54.30091599
1132,172.8235236,1438,1401.34375,48.96484018
1133,204.1873732,1600,1289.09375,64.59708086
1134,179.2416095,1600,1418.71875,56.1317328
1135,190.3133253,1600,1477,44.39588264
1136,192.2341437,1600,1512.40625,43.36974202
1137,209.521758,1566,1533.125,30.96621579
1138,216.8782163,1498,1370.84375,54.0039622
1139,196.2071385,1600,1362.15625,51.66106912
1140,186.8844838,1600,1438.03125,42.9765248
1141,215.3652929,1514,1452.96875,43.46701921
1142,185.8270507,1570,1299.59375,57.12321855
1143,202.1281281,1600,1456.09375,41.68871305
1144,176.7268604,1600,1347.96875,54.29579153
1145,190.9793509,1600,1516.53125,36.62966436
1146,179.7928637,1600,1472.34375,40.79109645
1147,197.8542313,1600,1507.28125,42.90968805
1148,133.5724584,1251,1481.3125,41.6917364
1149,26.62534742,253,1485.78125,34.33280857
1150,195.2279386,1600,1310,55.17872184
1151,193.6203696,1465,1195.09375,64.60422873
1152,180.1231032,1600,1232.28125,65.14734794
1153,199.1118467,1600,1453.875,46.47630726
1154,180.3638683,1600,1343.28125,56.36545833
1155,173.4958967,1202,1349.25,55.65921375
1156,185.5575207,1600,1281.84375,60.08732588
1157,172.7775233,1600,1350.9375,52.58843613
1158,214.0935238,1523,1480.34375,35.64273482
1159,199.1132991,1600,1290.78125,61.08224644
1160,208.436969,1577,1350.78125,59.22398635
1161,214.9899314,1507,1456.46875,37.04555026
1162,125.884187,1098,1371.25,56.08183085
1163,212.0909153,1536,1374.65625,57.76751174
1164,204.9388986,1596,1336.65625,56.59670639
1165,211.9128172,1526,1373.875,60.84092339
1166,217.50127,1477,1457.65625,38.28735531
1167,204.3523438,1600,1413.375,46.78414597
1168,212.687614,1518,1510.59375,29.73291929
1169,204.2942039,1600,1394.03125,39.23273338
1170,215.771105,1494,1508.5,31.34588404
1171,218.6412117,1471,1410.5625,40.56774875
1172,212.3643509,1523,1422.03125,38.94264843
1173,93.54886346,848,1353.78125,57.72106599
1174,209.2858573,1551,1558.71875,19.29667555
1175,213.6948052,1510,1476.375,32.09321047
1176,216.0791312,1477,1434.8125,35.7044422
1177,190.6503918,1600,1468.90625,37.72383773
1178,193.6816337,1600,1557.84375,18.64607262
1179,196.0471294,1600,1430.21875,40.98399346
1180,199.9270335,1600,1524.9375,17.32609893
1181,202.6825222,1600,1328.625,47.11286076
1182,205.9327194,1575,1474.4375,37.92177942
1183,205.6963581,1574,1513.90625,31.87184553
1184,210.5085171,1529,1509.8125,25.17048031
1185,36.24532088,473,1458.125,46.82537201
1186,205.6616832,1583,1519.8125,27.8263405
1187,204.7674013,1586,1344.53125,52.46397197
1188,193.6358746,1600,1495.28125,27.76186198
1189,208.6767399,1550,1416.3125,45.88884506
1190,208.90693,1539,1407.28125,57.07820837
1191,215.4568921,1476,1427,48.55269171
1192,196.9970944,1600,1353.03125,58.14863546
1193,209.2250178,1534,1489.875,31.51850013
1194,171.591632,1350,1413.0625,50.20931272
1195,203.6321111,1592,1507.9375,32.58006425
1196,124.1097221,1091,1252.28125,69.37959241
1197,201.3955094,1600,1454.90625,58.44023666
1198,199.1527237,1600,1427.84375,51.92342374
1199,149.5611464,1281,1381.53125,49.58899906
1200,179.2647401,1600,1377.375,54.62559573
1201,52.28356586,608,1535.9375,31.49034394
1202,208.46451,1549,1370.78125,56.38789969
1203,176.4533845,1600,1380.25,56.33458313
1204,206.3424316,1571,1530.1875,23.14004127
1205,57.78605624,535,1468.9375,35.40063647
1206,207.7220572,1569,1489.8125,34.97219611
1207,200.8979321,1600,1524.75,39.27203491
1208,27.05262034,286,1464.0625,43.56359022
1209,193.5207025,1600,1356.875,61.03540607
1210,203.373728,1600,1381.46875,51.43597762
1211,101.4813613,687,1396.6875,54.24398395
1212,193.3094011,1600,1441.25,46.10569762
1213,147.0416088,1167,1420.21875,48.44198313
1214,41.67247311,411,1411.78125,53.76476867
1215,210.1921003,1533,1490.96875,29.96081146
1216,215.5593368,1490,1235.46875,69.35837552
1217,169.2953783,1214,1432.875,35.36740354
1218,57.23102216,465,1246.25,69.2354491
1219,176.471681,1600,1426.4375,47.68518022
1220,210.6673729,1528,1411.875,52.6854888
1221,208.7619311,1544,1341.78125,57.94910911
1222,207.1064943,1551,1297.90625,55.81474508
1223,201.6873161,1600,1550.90625,25.59683265
1224,199.4816809,1600,1309.40625,60.25939474
1225,87.17612921,710,1407.40625,49.01881464
1226,202.6089984,1596,1344.96875,57.34833746
1227,194.4339278,1600,1309.78125,60.02842943
1228,172.2026696,1600,1350.09375,52.07301216
1229,200.1765683,1600,1477.21875,46.51005877
1230,197.2392715,1600,1440.34375,53.77316834
1231,199.1202931,1600,1330.40625,53.73194126
1232,188.9844855,1532,1308.21875,56.03574844
1233,169.046547,1600,1420.03125,50.76943182
1234,179.4904598,1600,1304.40625,57.10379184
1235,178.1731608,1600,1280,60.0575234
1236,189.1415223,1600,1337.53125,56.48024615
1237,114.2802284,911,1211.75,66.73426627
1238,55.58393759,683,1321.28125,59.9827626
1239,93.4875999,977,1269.625,61.69006671
1240,104.5497055,839,1362.21875,46.26472613
1241,168.9018101,1600,1417.5625,52.6300865
1242,161.1331516,1600,1321.78125,55.41035132
1243,150.7026797,1297,1235.375,59.37457117
1244,192.9894218,1600,1451.875,42.09182575
1245,37.95946785,356,1345.0625,55.16140918
1246,189.334546,1600,1437.8125,41.44751322
1247,193.1550574,1445,1349.0625,55.81582105
1248,203.7002791,1585,1393.4375,50.7362861
1249,176.2295375,1600,1467.28125,41.15556353
1250,208.6873249,1543,1434.625,49.60960519
1251,197.9535431,1600,1459.90625,51.53189726
1252,195.4708877,1600,1511.53125,33.80018526
1253,70.39162651,548,1427.84375,49.28920592
1254,184.1671626,1600,1368,51.15984285
1255,90.51735793,797,1500.53125,36.83674906
1256,189.1075559,1600,1411.28125,60.76724219
1257,179.5596573,1600,1410.5625,52.07915384
1258,196.0520911,1600,1401.40625,46.35069352
1259,149.8046817,1357,1340.9375,60.10386056
1260,207.2423928,1553,1462.9375,43.94218233
1261,194.9373908,1600,1514.28125,36.72774013
1262,183.8434515,1600,1489.90625,35.92606304
1263,166.7137357,1586,1433.90625,43.76646312
1264,193.0225758,1600,1481.34375,41.76747734
1265,188.7885847,1600,1477.71875,41.33400429
1266,204.3120336,1587,1503.1875,38.15735164
1267,195.2521513,1600,1428.5625,47.98322673
1268,195.5295481,1600,1532.03125,26.92163483
1269,203.2989061,1599,1454.21875,44.41574168
1270,200.9042157,1600,1423.28125,51.91460905
1271,184.2895403,1600,1487.8125,42.64125358
1272,173.2197327,1600,1578.28125,13.30487631
1273,203.2674599,1572,1540.8125,20.84142045
1274,127.7553677,1075,1442,44.31733248
1275,207.0129679,1548,1473.84375,43.75618487
1276,204.9747676,1589,1458.1875,49.58959878
1277,206.510112,1582,1542.625,30.19034988
1278,103.9739521,877,1420.3125,49.60281686
1279,187.7101662,1482,1544.6875,20.86276783
1280,65.28530021,512,1539.375,25.28241854
1281,196.1128291,1600,1297.46875,62.06732541
1282,203.904179,1594,1395.96875,59.84535729
1283,202.9638901,1600,1485.0625,43.23467817
1284,200.4942116,1600,1476,39.42900946
1285,186.2445207,1600,1347.15625,64.0028515
1286,49.12494852,374,1476.21875,39.31398393
1287,209.7878696,1514,1506.25,40.8337511
1288,20.29891195,170,1488.15625,33.79655814
1289,205.7976956,1579,1328.40625,62.26504942
1290,208.8272684,1560,1470.3125,34.05468977
1291,208.1628441,1549,1490.59375,34.02212337
1292,207.3727934,1571,1390.46875,55.84404948
1293,214.501014,1494,1494.21875,32.89771669
1294,195.3573649,1600,1515.21875,31.07053277
1295,106.1236786,822,1469.09375,42.65690711
1296,206.3402913,1581,1540.9375,22.33345954
1297,79.42055995,690,1227.46875,65.07167075
1298,210.2780376,1535,1491.875,34.46706582
1299,204.8051598,1588,1336.53125,57.89366998
1300,197.6091465,1600,1440.8125,45.33666795
1301,205.614933,1571,1202.25,90.46774635
1302,203.9892748,1584,1497.40625,39.06781837
1303,207.533326,1568,1580.34375,13.64020296
1304,208.0870504,1561,1564.84375,22.37821828
1305,206.2168435,1569,1515.28125,30.13789599
1306,205.0000802,1584,1506.4375,34.17453528
1307,200.7848322,1600,1427.4375,44.18629986
1308,198.9946026,1600,1392.28125,54.08354543
1309,203.4133509,1584,1545.4375,22.92263151
1310,193.446703,1600,1555.84375,31.54052051
1311,184.311128,1600,1563.78125,21.85137963
1312,200.9148015,1600,1517.40625,31.14539794
1313,202.4282644,1599,1558.09375,25.34215033
1314,193.3769991,1600,1541.21875,26.85176213
1315,181.4141191,1600,1585.5625,10.10147338
1316,193.0919106,1492,1555.71875,21.86581556
1317,205.2485739,1582,1538,26.69994703
1318,194.9403649,1600,1412.15625,53.24430975
1319,201.6295659,1600,1553.03125,29.42784297
1320,206.5394965,1577,1581.84375,10.81949773
1321,209.6619458,1533,1557.46875,23.12477236
1322,203.5547983,1600,1547.5,18.58096299
1323,213.8424317,1494,1570.96875,7.42192696
1324,158.4980723,1283,1459.53125,27.27839238
1325,209.5625851,1545,1509.875,18.51348992
1326,214.490608,1504,1498.71875,36.51869189
1327,220.8772762,1446,1507.96875,6.821156687
1328,222.96737,1427,1416.25,21.77533531
1329,224.4214711,1418,1358,35.55435819
1330,221.1603731,1436,1326.8125,39.23792401
1331,138.8139978,885,1325.65625,51.30198403
1332,225.7225554,1384,1435.46875,6.893580557
1333,182.6125831,1117,1392.5,22.91377299
1334,225.4426554,1412,1398.6875,18.82158265
1335,215.6909049,1511,1387.21875,3.805269311
1336,221.6937534,1435,1286.1875,40.28707456
1337,238.7370713,1264,1367.1875,23.37641863
1338,225.8770093,1399,1143.1875,66.46951652
1339,142.9101253,804,1189.4375,56.61713655
1340,233.7151458,1335,1262.4375,38.27164668
1341,223.9958971,1415,1153.5,66.00090225
1342,229.8989307,1362,1276.4375,51.89067989
1343,229.8205465,1369,1299.40625,58.33590446
1344,122.3132185,914,1439.40625,4.735309972
1345,232.3508683,1359,1390.75,3.394700429
1346,228.4685984,1383,1340.90625,47.74164518
1347,219.8218526,1477,1264.5625,53.79125772
1348,224.229203,1419,1337.90625,45.34418616
1349,221.3212341,1464,1371.8125,44.2051401
1350,224.1784645,1426,1385.65625,25.30911301
1351,221.8268672,1437,1375.625,25.21253092
1352,219.3334686,1493,1426.5,14.71143432
1353,223.9574443,1413,1302.25,67.62520942
1354,223.9974205,1415,1330.5625,58.81087509
1355,224.4129731,1416,1388.3125,40.57132172
1356,225.4499042,1397,1341.25,58.64357969
1357,218.157038,1483,1328.8125,65.40353304
1358,212.6013218,1550,1441.375,15.9226605
1359,232.2498472,1345,1425.21875,4.256469202
1360,218.394467,1479,1273.96875,72.90273565
1361,228.3608851,1373,1391.96875,40.14975487
1362,219.9309629,1473,1374.65625,27.98606526
1363,229.4139745,1376,1388,20.74288938
1364,222.0386296,1450,1425.46875,4.280397927
1365,228.7572396,1400,1253.21875,59.03718822
1366,227.5125643,1389,1292.9375,53.76123921
1367,223.8478769,1381,1365,32.99271085
1368,227.7208007,1400,1336.5625,41.06426842
1369,228.6218528,1381,1071.59375,101.0467117
1370,227.1999435,1394,1352.09375,41.7778242
1371,225.0211644,1401,1409.96875,6.131346378
1372,224.8284372,1408,1310.15625,48.96643193
1373,227.5890225,1366,1371.1875,28.0747304
1374,221.8882755,1439,1391.96875,31.49326632
1375,228.6496352,1371,1386.375,25.53066112
1376,152.4024532,1089,1342.78125,46.62766862
1377,219.655627,1461,1362.375,29.02433948
1378,229.853718,1355,1283.0625,51.96059469
1379,228.1154853,1381,1301.21875,38.35026248
1380,60.36933276,381,1349.84375,40.88581221
1381,92.31028947,754,1265.96875,60.29394709
1382,232.0810678,1314,1263.53125,61.19488702
1383,233.1256814,1316,1256,59.77822422
1384,227.7653045,1389,1378.21875,2.928595313
1385,229.2831264,1377,1342.9375,17.867134
1386,86.79622532,581,1338.90625,27.80048507
1387,221.3616604,1436,1325.1875,31.96892672
1388,226.3336814,1385,1382.6875,26.16631037
1389,221.2395484,1426,1252.875,76.64623441
1390,218.4056572,1462,1351.15625,41.89369475
1391,222.0630221,1444,1364.1875,50.33079327
1392,86.43473161,606,1424.5,26.40255897
1393,204.0742666,1319,1350.5,46.48761923
1394,217.8625195,1460,1422.1875,20.8843343
1395,48.79566645,393,1459.5,17.51875887
1396,212.0472666,1532,1265.0625,75.42103292
1397,227.9534821,1371,1486.53125,5.920411904
1398,229.0844981,1370,1341.78125,56.04318145
1399,214.0692574,1518,1310.75,49.52758012
1400,226.5065302,1374,1446.625,3.639320454
1401,236.8657435,1287,1255.875,68.88894103
1402,228.0485798,1384,1308.53125,27.36855399
1403,230.0942047,1368,1310.78125,36.03599733
1404,225.8120558,1390,1355.125,24.16739151
1405,218.5315862,1474,1311.84375,50.82847402
1406,218.1421359,1462,1363.84375,34.8915621
1407,212.2153483,1518,1299.6875,40.51713972
1408,224.7900082,1392,1352.15625,36.271356
1409,223.6485959,1421,1390.21875,19.49786685
1410,224.8677254,1426,1403.78125,30.27400939
1411,233.0624103,1319,1339.9375,49.06497547
1412,72.47228006,482,1341.9375,45.4584639
1413,209.2719863,1562,1424.5625,42.78831849
1414,216.4003377,1495,1438.9375,38.21418615
1415,214.0407422,1516,1474.1875,11.46861905
1416,220.10543,1443,1452.59375,27.1705994
1417,192.5160195,1197,1408.59375,18.9765953
1418,209.7104997,1571,1345.09375,38.95442864
1419,228.8358112,1357,1262.5625,54.58280008
1420,225.4130661,1393,1347.09375,37.32701518
1421,222.6021778,1423,1288.3125,49.44754115
1422,218.0193963,1464,1352.78125,27.97800676
1423,222.3885092,1440,1379,47.21966499
1424,219.3538045,1469,1440.25,21.15715205
1425,226.3598295,1397,1493.84375,6.466340976
1426,221.2783989,1443,1306.03125,32.96938095
1427,235.3603058,1307,1285.71875,46.75840999
1428,223.8683889,1422,1361.28125,28.31445177
1429,220.4465379,1452,1362.09375,20.86843467
1430,230.6605263,1359,1395.25,7.699497861
1431,221.5031324,1443,1108.15625,66.77255932
1432,213.7334284,1534,1239.09375,49.47556123
1433,217.7782578,1492,1419.03125,5.087716172
1434,220.4042635,1469,1426.15625,24.30772215
1435,226.5192651,1391,1450.5,6.16373564
1436,224.3488311,1412,1453.15625,6.880234186
1437,221.9126535,1441,1344.09375,27.90314222
1438,221.1083424,1449,1327.28125,51.23127172
1439,227.2274553,1374,1417.34375,11.38495525
1440,232.0268445,1342,1229.46875,53.29920231
1441,229.9701794,1362,1229.25,53.3922495
1442,217.0249416,1484,1357.1875,36.48718617
1443,223.0341563,1435,1361.125,35.10969149
1444,222.9799035,1429,1257.6875,53.50335423
1445,225.099941,1428,1404.3125,18.87731197
1446,231.0072868,1347,1402.125,29.16352653
1447,224.3326862,1423,1391.15625,34.18971499
1448,230.15062,1366,1436.1875,4.15180841
1449,232.9906113,1328,1365.90625,24.65620758
1450,235.5079485,1303,1347.9375,33.86129051
1451,228.2942147,1380,1372.59375,3.773172284
1452,237.6655628,1268,1228.09375,52.66849374
1453,114.3004311,670,1214.4375,48.89173969
1454,236.5851137,1289,1293.9375,33.62927627
1455,226.3021206,1396,1143.625,71.1908506
1456,226.2995935,1410,1243.5625,53.50295886
1457,233.4638724,1327,1308.53125,35.91088208
1458,238.4142726,1259,1318.4375,32.80238337
1459,229.4858059,1348,1303.09375,29.1024362
1460,216.8397461,1489,1319.5,33.60692845
1461,222.344918,1189,1280.03125,43.55223321
1462,153.2459995,855,1297.5625,33.7300077
1463,237.5912904,1285,1326.9375,14.78985126
1464,223.1159479,1418,1330.375,45.02700598
1465,227.953385,1378,1382.21875,19.10773911
1466,236.1626207,1307,1442.71875,5.047603656
1467,225.5177831,1412,1394.90625,26.96702403
1468,224.2721188,1429,1388.46875,26.34005493
1469,208.9422647,1580,1354.53125,49.48142897
1470,226.3977354,1379,1457.375,33.02725811
1471,226.374937,1385,1462.125,10.22135431
1472,214.8334081,1511,1354.40625,41.98371452
1473,231.4142056,1353,1515.40625,8.868624784
1474,228.3533173,1391,1361.75,32.15177417
1475,220.863888,1449,1348.28125,44.86544271
1476,237.6283885,1278,1271.03125,42.95633129
1477,226.9470022,1387,1323.875,26.14848651
1478,222.77743,1444,1360.03125,14.35187327
1479,165.9895563,1083,1182.3125,58.81986998
1480,227.9152584,1375,1320.21875,43.05217249
1481,230.4043569,1354,1322.90625,35.39279161
1482,220.4913754,1443,1332.28125,29.61568363
1483,234.8371594,1301,1375.28125,5.92061378
1484,38.02140256,375,1238.34375,44.15501689
1485,237.9171398,1265,1284.25,30.0673276
1486,226.5728518,1381,1303.75,23.88139736
1487,231.9044135,1341,1227.90625,48.02279521
1488,226.6535742,1389,1340.71875,23.88168635
1489,225.6648768,1390,1232.625,56.52668302
1490,220.2928472,1443,1331.34375,34.06067386
1491,128.7788285,692,1377.65625,12.42156547
1492,67.23076006,435,1269.8125,48.12951011
1493,225.9086911,1395,1374.3125,5.654508021
1494,231.0419074,1326,1243.15625,50.53519737
1495,229.7893601,1333,1357.125,21.34334599
1496,231.5258453,1319,1321.0625,23.06007334
1497,235.3573804,1299,1248.6875,50.44395005
1498,231.4941904,1322,1300.5,36.54082927
1499,226.9183668,1376,1273.28125,36.1546956
1500,226.4373153,1397,1336.59375,34.26203278
